taxon_name,level_1
aaronsohnia_type,aaronsohnia_type
abies,abies
abrus,abrus
abrus_type,abrus_type
abutilon,abutilon
abutilon_type,abutilon_type
acacia,acacia
acacia_albizia,acacia_albizia
acacia_ehrenbergiana_type,acacia_ehrenbergiana_type
acacia_gerrardii,acacia_gerrardii
acacia_group_i,acacia_group_i
acacia_group_iii,acacia_group_iii
acacia_kamerunensis_type,acacia_kamerunensis_type
acacia_type,acacia_type
acacia_type_i,acacia_type_i
acacia_type_iii,acacia_type_iii
acacia_type_type_ii,acacia_type_type_ii
acacia_type_type_iii,acacia_type_type_iii
acaena,acaena
acalypha,acalypha
acalypha_cf_a_crenata,acalypha_cf_a_crenata
acalypha_type,acalypha_type
acanthaceae,acanthaceae
acanthaceae_diporate,acanthaceae_diporate
acanthaceae_tricolporate,acanthaceae_tricolporate
acanthaceae_undiff,acanthaceae_undiff
acanthophoenix_rubra,acanthophoenix_rubra
acanthus,acanthus
acanthus_type,acanthus_type
acer,acer
achyranthes,achyranthes
achyranthes_aspera,achyranthes_aspera
achyranthes_aspera_type,achyranthes_aspera_type
achyranthes_type,achyranthes_type
achyranthes_type_a_aspera,achyranthes_type_a_aspera
achyranthes_type_aspera,achyranthes_type_aspera
acridocarpus,acridocarpus
adansonia,adansonia
adansonia_digitata,adansonia_digitata
adenia,adenia
adenia_type,adenia_type
adenium,adenium
adenocline,adenocline
adenorandia_type_a_kalbreyeri,adenorandia_type_a_kalbreyeri
adina,adina
aerva,aerva
aerva_javanica,aerva_javanica
aerva_javanica_type,aerva_javanica_type
aerva_lanata,aerva_lanata
aerva_lanata_type,aerva_lanata_type
aerva_type,aerva_type
aerva_type_a_javanica,aerva_type_a_javanica
aerva_type_a_lanata,aerva_type_a_lanata
aerva_type_javanica,aerva_type_javanica
aerva_type_lanata,aerva_type_lanata
aeschynomene,aeschynomene
aeschynomene_afraspera_type,aeschynomene_afraspera_type
aeschynomene_baumii_type,aeschynomene_baumii_type
aeschynomene_type,aeschynomene_type
aeschynomene_type_a_baumii,aeschynomene_type_a_baumii
aeschynomene_type_baumii,aeschynomene_type_baumii
aeschynomene_type_elaphroxylon,aeschynomene_type_elaphroxylon
afraegle,afraegle
afraegle_paniculata,afraegle_paniculata
afraegle_type_a_paniculata,afraegle_type_a_paniculata
afzelia,afzelia
afzelia_africana_type,afzelia_africana_type
afzelia_cf_a_africana,afzelia_cf_a_africana
agathosma,agathosma
agathosma_type,agathosma_type
agavoideae,agavoideae
aidia,aidia
aidia_micrantha_type,aidia_micrantha_type
aidia_type,aidia_type
aidia_type_a_micrantha,aidia_type_a_micrantha
aidia_type_micrantha,aidia_type_micrantha
aizoaceae,aizoaceae
aizoaceae_type,aizoaceae_type
aizoaceae_undiff,aizoaceae_undiff
ajuga,ajuga
alangium,alangium
alangium_chinense,alangium_chinense
albizia,albizia
albizia_type,albizia_type
alchemilla,alchemilla
alchemilla_type,alchemilla_type
alchornea,alchornea
alchornea_type,alchornea_type
allophylus,allophylus
allophylus_abyssinicus,allophylus_abyssinicus
allophylus_abyssinicus_type,allophylus_abyssinicus_type
allophylus_africanus,allophylus_africanus
allophylus_protea,allophylus_protea
allophylus_protea_faurea,allophylus_protea_faurea
allophylus_type,allophylus_type
alnus,alnus
alnus_glutinosa,alnus_glutinosa
aloe,aloe
aloe_type,aloe_type
alstonia,alstonia
alstonia_boonei,alstonia_boonei
alstonia_congensis,alstonia_congensis
alstonia_type,alstonia_type
alstonia_type_a_boonei,alstonia_type_a_boonei
alstonia_type_boonei,alstonia_type_boonei
alternanthera,alternanthera
alternanthera_type,alternanthera_type
alysicarpus,alysicarpus
amanoa_type,amanoa_type
amaranthaceae,amaranthaceae
amaranthaceae_undiff,amaranthaceae_undiff
amaranthus,amaranthus
amaranthus_type,amaranthus_type
amaryllidaceae,amaryllidaceae
ambrosia,ambrosia
ambrosia_maritima,ambrosia_maritima
ambrosia_type,ambrosia_type
ambrosia_type_maritima,ambrosia_type_maritima
ambrosia_xanthium,ambrosia_xanthium
ambrosiinae,ambrosiinae
ammannia_type,ammannia_type
ammannia_type_a_prieuriana,ammannia_type_a_prieuriana
anacardiaceae,anacardiaceae
anacardiaceae_undiff,anacardiaceae_undiff
anacardium,anacardium
anagallis,anagallis
anagallis_type,anagallis_type
anchusa_type,anchusa_type
andrachne,andrachne
angelium,angelium
aningeria_type,aningeria_type
aniseia,aniseia
anisotes,anisotes
anisotes_type,anisotes_type
annona_senegalensis_type,annona_senegalensis_type
annonaceae,annonaceae
annonaceae_undiff,annonaceae_undiff
anogeissus,anogeissus
anogeissus_type_a_leiocarpa,anogeissus_type_a_leiocarpa
anogeissus_type_leiocarpa,anogeissus_type_leiocarpa
anopyxis,anopyxis
anopyxis_klaineana,anopyxis_klaineana
anopyxis_type,anopyxis_type
anopyxis_type_klaineana,anopyxis_type_klaineana
anthemis_type,anthemis_type
anthericum,anthericum
anthocleista,anthocleista
anthocleista_vogelii,anthocleista_vogelii
anthonotha_type,anthonotha_type
anthospermum,anthospermum
anthospermum_asperuloides_type,anthospermum_asperuloides_type
anthospermum_hispidulum_type,anthospermum_hispidulum_type
anthospermum_type,anthospermum_type
anthostema,anthostema
anthostema_senegalense,anthostema_senegalense
anthostema_type,anthostema_type
anthyllis,anthyllis
anthyllis_rupestris,anthyllis_rupestris
antiaris,antiaris
antiaris_type,antiaris_type
antiaris_type_a_toxicaria,antiaris_type_a_toxicaria
antidesma,antidesma
antidesma_type,antidesma_type
antidesma_type_a_venosum,antidesma_type_a_venosum
antidesma_type_venosum,antidesma_type_venosum
antidesma_venosum,antidesma_venosum
antrocaryon,antrocaryon
antrocaryon_type,antrocaryon_type
aphloia_theiformis,aphloia_theiformis
aphloia_type_theiformis,aphloia_type_theiformis
apiaceae,apiaceae
apiaceae_type,apiaceae_type
apiaceae_undiff,apiaceae_undiff
apocynaceae,apocynaceae
apocynaceae_type_3,apocynaceae_type_3
apocynaceae_undiff,apocynaceae_undiff
apodytes,apodytes
apodytes_dimidiata,apodytes_dimidiata
aporrhiza,aporrhiza
aporrhiza_type,aporrhiza_type
araceae,araceae
araliaceae,araliaceae
araliaceae_type,araliaceae_type
araliaceae_undiff,araliaceae_undiff
arbutus,arbutus
arbutus_unedo,arbutus_unedo
ardisia,ardisia
arecaceae,arecaceae
arecaceae_mauritius_type_132b_de_boer,arecaceae_mauritius_type_132b_de_boer
arecaceae_type_mauritius_type_127_de_boer,arecaceae_type_mauritius_type_127_de_boer
arecaceae_type_mauritius_type_137_de_boer,arecaceae_type_mauritius_type_137_de_boer
arecaceae_type_mauritius_type_139_de_boer,arecaceae_type_mauritius_type_139_de_boer
arecaceae_type_tetrad_mauritius_type_2_de_boer,arecaceae_type_tetrad_mauritius_type_2_de_boer
arecaceae_undiff,arecaceae_undiff
argania_spinosa,argania_spinosa
argyranthemum,argyranthemum
argyrella_type_canescens,argyrella_type_canescens
armeria,armeria
arnebia,arnebia
arnebia_hispidissima_type,arnebia_hispidissima_type
artemisia,artemisia
artemisia_afra,artemisia_afra
artemisia_herba_minus_alba,artemisia_herba_minus_alba
artemisia_type,artemisia_type
arthrocaulon_type,arthrocaulon_type
ascarina,ascarina
asclepiadeae,asclepiadeae
asclepiadoideae,asclepiadoideae
ascolepis,ascolepis
ascolepis_type,ascolepis_type
asparagus,asparagus
asparagus_buchananii_type,asparagus_buchananii_type
asparagus_type,asparagus_type
asphodeline,asphodeline
asphodelus,asphodelus
aster,aster
aster_type,aster_type
asteraceae,asteraceae
asteraceae_echinate,asteraceae_echinate
asteraceae_fenestrate,asteraceae_fenestrate
asteraceae_high_spine,asteraceae_high_spine
asteraceae_undiff,asteraceae_undiff
asteraceae_undiff_type_2,asteraceae_undiff_type_2
asteroideae,asteroideae
asteroideae_undiff,asteroideae_undiff
astragalus_type,astragalus_type
astripomoea,astripomoea
astropanax_abyssinicus,astropanax_abyssinicus
astropanax_barteri,astropanax_barteri
astropanax_goetzenii_type,astropanax_goetzenii_type
astropanax_mannii_type,astropanax_mannii_type
astropanax_myrianthus,astropanax_myrianthus
asystasia,asystasia
asystasia_gangetica,asystasia_gangetica
asystasia_gangetica_type,asystasia_gangetica_type
atractylis,atractylis
atractylis_type,atractylis_type
atriplex_type,atriplex_type
avicennia,avicennia
azima_tetracantha,azima_tetracantha
azorella,azorella
baikiaea,baikiaea
baissea,baissea
bakerella,bakerella
bakerella_socratina_type,bakerella_socratina_type
balanites,balanites
balanites_aegyptiaca_type,balanites_aegyptiaca_type
balanites_rotudinfolia_type,balanites_rotudinfolia_type
balanites_wilsoniana,balanites_wilsoniana
baphia_type,baphia_type
baphiopsis,baphiopsis
baphiopsis_parviflora,baphiopsis_parviflora
baphiopsis_type_parviflora,baphiopsis_type_parviflora
barbeya_oleoides,barbeya_oleoides
barbeyaceae,barbeyaceae
barleria,barleria
barringtonia,barringtonia
basella,basella
basella_alba_type,basella_alba_type
basilicum,basilicum
basilicum_polystachyon_hoslundia_opposita,basilicum_polystachyon_hoslundia_opposita
basilicum_type,basilicum_type
basilicum_type_b_polystachyon,basilicum_type_b_polystachyon
basilicum_type_polystachyon,basilicum_type_polystachyon
bauhinia,bauhinia
begonia,begonia
begonia_meyeri_minus_johannis,begonia_meyeri_minus_johannis
begonia_type,begonia_type
begoniaceae,begoniaceae
berberis,berberis
berkheya,berkheya
berlinia,berlinia
berlinia_type,berlinia_type
bersama,bersama
bersama_abyssinica,bersama_abyssinica
bersama_abyssinica_type,bersama_abyssinica_type
bertiera,bertiera
bertiera_type,bertiera_type
betula,betula
bidens,bidens
bignoniaceae,bignoniaceae
bismarckia_nobilis,bismarckia_nobilis
blepharis,blepharis
blepharis_type,blepharis_type
blepharispermum_type,blepharispermum_type
blighia,blighia
blighia_sapida_type,blighia_sapida_type
blighia_type,blighia_type
blighia_type_b_unijugata,blighia_type_b_unijugata
blighia_type_unijugata,blighia_type_unijugata
blighia_unijugata_type,blighia_unijugata_type
boerhavia_type,boerhavia_type
boerhavia_type_erecta,boerhavia_type_erecta
bombax,bombax
bombax_buonopozense_type,bombax_buonopozense_type
bombax_costatum_type,bombax_costatum_type
boraginaceae,boraginaceae
boraginaceae_type_1,boraginaceae_type_1
borassus,borassus
borassus_hyphaene,borassus_hyphaene
borassus_type,borassus_type
borassus_type_aethiopum,borassus_type_aethiopum
borassus_type_b_aethiopum,borassus_type_b_aethiopum
boscia_cadaba,boscia_cadaba
boscia_type,boscia_type
boscia_type_angustifolia,boscia_type_angustifolia
boscia_type_salicifolia,boscia_type_salicifolia
bosqueia,bosqueia
bosqueia_phoberos,bosqueia_phoberos
boswellia,boswellia
botryospermum,botryospermum
brachylaena,brachylaena
brachylaena_type,brachylaena_type
brachystegia,brachystegia
brachystephanus,brachystephanus
brassica,brassica
brassicaceae,brassicaceae
brassicaceae_olea,brassicaceae_olea
brassicaceae_undiff,brassicaceae_undiff
bridelia,bridelia
bridelia_ferruginea,bridelia_ferruginea
bridelia_ferruginea_type,bridelia_ferruginea_type
bridelia_micrantha,bridelia_micrantha
bridelia_micrantha_type,bridelia_micrantha_type
bridelia_scleroneura_type,bridelia_scleroneura_type
bridelia_type,bridelia_type
bridelia_type_b_scleroneura,bridelia_type_b_scleroneura
bridelia_type_scleroneura,bridelia_type_scleroneura
brillantaisia,brillantaisia
brucea,brucea
brucea_antidysenterica,brucea_antidysenterica
brucea_antidysenterica_type,brucea_antidysenterica_type
bruguiera,bruguiera
bruniaceae,bruniaceae
brunsvigia,brunsvigia
buchnera,buchnera
buchnera_type,buchnera_type
buddleja,buddleja
buddleja_type,buddleja_type
burchellia,burchellia
burkea,burkea
burkea_africana,burkea_africana
burseraceae,burseraceae
burseraceae_undiff,burseraceae_undiff
butyrospermum,butyrospermum
buxus,buxus
buxus_hildebrandtii_type,buxus_hildebrandtii_type
buxus_madagascarica,buxus_madagascarica
buxus_madagascarica_type,buxus_madagascarica_type
cadaba,cadaba
cadaba_type,cadaba_type
caesalpinia_haematoxylum,caesalpinia_haematoxylum
caesalpinia_type,caesalpinia_type
caesalpinioideae,caesalpinioideae
caesalpinioideae_undiff,caesalpinioideae_undiff
calamus_deerratus,calamus_deerratus
calligonum,calligonum
calligonum_polygonoides,calligonum_polygonoides
calluna,calluna
calpocalyx_type,calpocalyx_type
calpocalyx_type_c_letestui,calpocalyx_type_c_letestui
calpocalyx_type_klainei,calpocalyx_type_klainei
calpocalyx_type_letestui,calpocalyx_type_letestui
calpurnia_type,calpurnia_type
calycobolus,calycobolus
calystegia,calystegia
camellia_sinensis_type,camellia_sinensis_type
campanula,campanula
campanula_type,campanula_type
campanulaceae,campanulaceae
campanulaceae_undiff,campanulaceae_undiff
campylospermum,campylospermum
campylospermum_densiflorum,campylospermum_densiflorum
canarium,canarium
canarium_schweinfurthii,canarium_schweinfurthii
canarium_type,canarium_type
cannabis,cannabis
cannabis_type,cannabis_type
canthium,canthium
canthium_gueinzii_type,canthium_gueinzii_type
canthium_schimperianum,canthium_schimperianum
canthium_schimperianum_type,canthium_schimperianum_type
canthium_type,canthium_type
capparaceae,capparaceae
capparaceae_undiff,capparaceae_undiff
capparis,capparis
capparis_erythrocarpos,capparis_erythrocarpos
capparis_fascicularis_type,capparis_fascicularis_type
capparis_tomentosa,capparis_tomentosa
capparis_tomentosa_type,capparis_tomentosa_type
carapa,carapa
carapa_ekebergia,carapa_ekebergia
carapa_type_c_grandiflora,carapa_type_c_grandiflora
carapa_type_c_procera,carapa_type_c_procera
carapa_type_procera,carapa_type_procera
cardamine,cardamine
cardiospermum,cardiospermum
cardiospermum_halicacabum,cardiospermum_halicacabum
cardiospermum_halicacabum_type,cardiospermum_halicacabum_type
carduus,carduus
carduus_type,carduus_type
carissa,carissa
carissa_spinarum_type,carissa_spinarum_type
carissa_type,carissa_type
carissa_type_spinarum,carissa_type_spinarum
carpacoce,carpacoce
carpobrotus,carpobrotus
carthamus_type,carthamus_type
caryophyllaceae,caryophyllaceae
caryophyllaceae_large,caryophyllaceae_large
caryophyllaceae_periporate_excluding_paronychioideae,caryophyllaceae_periporate_excluding_paronychioideae
caryophyllaceae_undiff,caryophyllaceae_undiff
casearia,casearia
cassia,cassia
cassia_mimosoides_type,cassia_mimosoides_type
cassia_type,cassia_type
cassia_type_c_italica,cassia_type_c_italica
cassia_type_c_mimosoides,cassia_type_c_mimosoides
cassine,cassine
cassine_orientalis,cassine_orientalis
cassine_type,cassine_type
cassipourea,cassipourea
casuarina,casuarina
casuarina_type,casuarina_type
catha_type,catha_type
catha_type_c_edulis,catha_type_c_edulis
catunaregam_type,catunaregam_type
caucanthus_type,caucanthus_type
caylusea_type_29mu_m,caylusea_type_29mu_m
cayratia_type,cayratia_type
cecropia,cecropia
cedrus,cedrus
cedrus_atlantica,cedrus_atlantica
cedrus_cf_c_atlantica,cedrus_cf_c_atlantica
ceiba,ceiba
ceiba_pentandra,ceiba_pentandra
celastraceae,celastraceae
celastraceae_undiff,celastraceae_undiff
celosia,celosia
celosia_argentea,celosia_argentea
celosia_argentea_type,celosia_argentea_type
celosia_schweinfurthiana_type,celosia_schweinfurthiana_type
celosia_trigyna,celosia_trigyna
celosia_trigyna_type,celosia_trigyna_type
celosia_type,celosia_type
celosia_type_argentea,celosia_type_argentea
celosia_type_c_trigyna,celosia_type_c_trigyna
celosia_type_trigyna,celosia_type_trigyna
celtis,celtis
celtis_adolfi_minus_friderici_type,celtis_adolfi_minus_friderici_type
celtis_africana_type,celtis_africana_type
celtis_holoptelea_tetraporate,celtis_holoptelea_tetraporate
celtis_hymenocardia,celtis_hymenocardia
celtis_smaller_than_15_mu_m,celtis_smaller_than_15_mu_m
celtis_toka,celtis_toka
celtis_type_20mu_m,celtis_type_20mu_m
centaurea,centaurea
centaurea_cyanus,centaurea_cyanus
centaurea_cyanus_type,centaurea_cyanus_type
centaurea_jacea_type,centaurea_jacea_type
centaurea_perrottetii,centaurea_perrottetii
centaurea_sinaica_type,centaurea_sinaica_type
centaurea_type,centaurea_type
centaurea_type_c_perrottetii,centaurea_type_c_perrottetii
centaurea_type_senegalensis,centaurea_type_senegalensis
centaurium_pulchellum,centaurium_pulchellum
centemopsis_type_gracilenta,centemopsis_type_gracilenta
centranthus,centranthus
cephalaria,cephalaria
cerastium,cerastium
cerastium_afromontanum_type,cerastium_afromontanum_type
cerastium_indicum,cerastium_indicum
cerastium_octandrum,cerastium_octandrum
cerastium_octandrum_type,cerastium_octandrum_type
cerastium_type,cerastium_type
cerastium_type_c_octandrum,cerastium_type_c_octandrum
cerastium_type_octandrum,cerastium_type_octandrum
cercestis_congoensis,cercestis_congoensis
cf_adenocarpus,cf_adenocarpus
cf_aeonium,cf_aeonium
cf_albizia,cf_albizia
cf_badula,cf_badula
cf_balanites,cf_balanites
cf_boscia,cf_boscia
cf_cadaba,cf_cadaba
cf_canarium,cf_canarium
cf_capparis,cf_capparis
cf_casuarina_equisetifolia,cf_casuarina_equisetifolia
cf_cleome,cf_cleome
cf_dialium,cf_dialium
cf_erythroxylum,cf_erythroxylum
cf_flacourtia,cf_flacourtia
cf_leonardoxa,cf_leonardoxa
cf_linum,cf_linum
cf_ochna,cf_ochna
cf_onagraceae_type,cf_onagraceae_type
cf_polygonum,cf_polygonum
cf_resedaceae,cf_resedaceae
cf_rhizophora,cf_rhizophora
cf_rorippa,cf_rorippa
cf_scolopia,cf_scolopia
cf_scrophulariaceae,cf_scrophulariaceae
cf_stadmania,cf_stadmania
cf_tabernaemontana,cf_tabernaemontana
cf_thalictrum_type,cf_thalictrum_type
cf_zanthoxylum,cf_zanthoxylum
chaetachme,chaetachme
chaetachme_aristata,chaetachme_aristata
chamaecrista_type_mimosoides,chamaecrista_type_mimosoides
chassalia,chassalia
chenopodiaceae_sensu_stricto,chenopodiaceae_sensu_stricto
chenopodium,chenopodium
chenopodium_amaranthus,chenopodium_amaranthus
chenopodium_type,chenopodium_type
chironia,chironia
chlorophytum,chlorophytum
chlorophytum_type,chlorophytum_type
chrozophora,chrozophora
chrozophora_brocchiana_type,chrozophora_brocchiana_type
chrozophora_tinctoria,chrozophora_tinctoria
chrysobalanus_parinari,chrysobalanus_parinari
chrysobalanus_type,chrysobalanus_type
chrysophyllum,chrysophyllum
chrysophyllum_bangweolense_type,chrysophyllum_bangweolense_type
cichorieae,cichorieae
cichorieae_undiff,cichorieae_undiff
cichorioideae,cichorioideae
cichorioideae_type,cichorioideae_type
cirsium_type,cirsium_type
cissampelos,cissampelos
cissampelos_cf_c_mucronata,cissampelos_cf_c_mucronata
cissampelos_mucronata_type,cissampelos_mucronata_type
cissampelos_type,cissampelos_type
cissampelos_type_mucronata,cissampelos_type_mucronata
cissus,cissus
cissus_quadrangularis_type,cissus_quadrangularis_type
cissus_type,cissus_type
cissus_type_quadrangularis,cissus_type_quadrangularis
cistaceae,cistaceae
cistanche,cistanche
cistus,cistus
cistus_monspeliensis,cistus_monspeliensis
citrullus,citrullus
citrus,citrus
clausena,clausena
clausena_anisata,clausena_anisata
clausena_type_anisata,clausena_type_anisata
cleistanthus,cleistanthus
cleistanthus_type,cleistanthus_type
cleistanthus_type_libericus,cleistanthus_type_libericus
cleistanthus_type_polystachyus,cleistanthus_type_polystachyus
clematis,clematis
clematis_mauritiana_type,clematis_mauritiana_type
clematis_type,clematis_type
cleome,cleome
cleome_gynandra,cleome_gynandra
cleome_type,cleome_type
cleome_type_gynandra,cleome_type_gynandra
clerodendrum,clerodendrum
cliffortia,cliffortia
cliffortia_nitidula,cliffortia_nitidula
cliffortia_nitidula_type,cliffortia_nitidula_type
clinopodium_paradoxum,clinopodium_paradoxum
clitandra,clitandra
clusiaceae,clusiaceae
clutia,clutia
clutia_abyssinica,clutia_abyssinica
clutia_type,clutia_type
cnestis,cnestis
cnestis_type,cnestis_type
coccinia,coccinia
coccinia_type,coccinia_type
coccinia_type_grandis,coccinia_type_grandis
cocculus,cocculus
cocculus_hirsutus_type,cocculus_hirsutus_type
cocculus_pendulus,cocculus_pendulus
cocculus_pendulus_type,cocculus_pendulus_type
cocculus_type,cocculus_type
cocculus_type_hirsutus,cocculus_type_hirsutus
cochlospermum,cochlospermum
cocos_nucifera,cocos_nucifera
coffea,coffea
coffea_type,coffea_type
cola,cola
cola_cf_c_cordifolia,cola_cf_c_cordifolia
coleus_type_otostegioides,coleus_type_otostegioides
colophospermum_mopane,colophospermum_mopane
combretaceae,combretaceae
combretaceae_melastomataceae,combretaceae_melastomataceae
combretaceae_melastomataceae_undiff,combretaceae_melastomataceae_undiff
combretaceae_type,combretaceae_type
combretaceae_undiff,combretaceae_undiff
combretum,combretum
combretum_aculeatum_type,combretum_aculeatum_type
combretum_molle_type,combretum_molle_type
combretum_type,combretum_type
combretum_type_aculeatum,combretum_type_aculeatum
combretum_type_c_molle,combretum_type_c_molle
combretum_type_molle,combretum_type_molle
commelina,commelina
commelina_benghalensis,commelina_benghalensis
commelina_benghalensis_type,commelina_benghalensis_type
commelina_forskaolii,commelina_forskaolii
commelina_forskaolii_type,commelina_forskaolii_type
commelina_type,commelina_type
commelina_type_benghalensis,commelina_type_benghalensis
commelina_type_c_benghalensis,commelina_type_c_benghalensis
commelina_type_capitata,commelina_type_capitata
commelina_type_forsskaolii,commelina_type_forsskaolii
commelinaceae,commelinaceae
commelinaceae_undiff,commelinaceae_undiff
commicarpus,commicarpus
commicarpus_type,commicarpus_type
commiphora,commiphora
commiphora_africana,commiphora_africana
commiphora_africana_type,commiphora_africana_type
commiphora_edulis_subsp_boiviniana_type,commiphora_edulis_subsp_boiviniana_type
commiphora_edulis_type,commiphora_edulis_type
commiphora_type,commiphora_type
connaraceae,connaraceae
connarus_type,connarus_type
convolvulaceae,convolvulaceae
convolvulaceae_malvaceae,convolvulaceae_malvaceae
convolvulaceae_undiff,convolvulaceae_undiff
convolvulus,convolvulus
convolvulus_arvensis_type,convolvulus_arvensis_type
convolvulus_type,convolvulus_type
coptosperma_type_c_graveolens,coptosperma_type_c_graveolens
coptosperma_type_graveolens,coptosperma_type_graveolens
corchorus,corchorus
corchorus_olitorius,corchorus_olitorius
corchorus_type,corchorus_type
corchorus_type_fascicularis,corchorus_type_fascicularis
cordia,cordia
cordia_africana_type,cordia_africana_type
cordia_bourreria_type,cordia_bourreria_type
cordia_hilsenbergia_type,cordia_hilsenbergia_type
cordia_platythyrsa_type,cordia_platythyrsa_type
cordia_type,cordia_type
cornulaca,cornulaca
cornulaca_aerva,cornulaca_aerva
cornulaca_type,cornulaca_type
cornus_subg_afrocrania,cornus_subg_afrocrania
cornus_volkensii,cornus_volkensii
coronilla_type,coronilla_type
corylus,corylus
corylus_avellana,corylus_avellana
cotula,cotula
coula_edulis,coula_edulis
crassocephalum,crassocephalum
crassocephalum_montuosum_type,crassocephalum_montuosum_type
crassocephalum_type_c_montuosum,crassocephalum_type_c_montuosum
crassocephalum_type_montuosum,crassocephalum_type_montuosum
crassula,crassula
crassulaceae,crassulaceae
craterispermum,craterispermum
craterispermum_type,craterispermum_type
crateva_adansonii,crateva_adansonii
crateva_type_adansonii,crateva_type_adansonii
crepis_type,crepis_type
cressa,cressa
cressa_type,cressa_type
cressa_type_c_cretica,cressa_type_c_cretica
crinum_natans_type,crinum_natans_type
crinum_type,crinum_type
crossopteryx_febrifuga,crossopteryx_febrifuga
crossopteryx_type,crossopteryx_type
crossopteryx_type_febrifuga,crossopteryx_type_febrifuga
crotalaria,crotalaria
crotalaria_type,crotalaria_type
croton,croton
croton_fianarantsoae,croton_fianarantsoae
croton_macrobuxus,croton_macrobuxus
croton_neoboutonia,croton_neoboutonia
croton_type,croton_type
crudia,crudia
crudia_type,crudia_type
crudia_type_c_zenkeri,crudia_type_c_zenkeri
crudia_type_gabonensis,crudia_type_gabonensis
cucumis,cucumis
cucumis_dipsaceus_type,cucumis_dipsaceus_type
cucumis_type_dipsaceus,cucumis_type_dipsaceus
cucurbitaceae,cucurbitaceae
cucurbitaceae_undiff,cucurbitaceae_undiff
culcasia_scandens,culcasia_scandens
cunoniaceae,cunoniaceae
cupressaceae,cupressaceae
cupressaceae_undiff,cupressaceae_undiff
cupressus,cupressus
cupressus_lusitanica,cupressus_lusitanica
cuscuta,cuscuta
cuscuta_type,cuscuta_type
cussonia,cussonia
cussonia_arborea_type,cussonia_arborea_type
cussonia_schefflera,cussonia_schefflera
cussonia_type,cussonia_type
cyathula,cyathula
cyathula_type,cyathula_type
cyathula_type_c_orthacantha,cyathula_type_c_orthacantha
cyathula_type_orthacantha,cyathula_type_orthacantha
cylicodiscus,cylicodiscus
cynoglossum,cynoglossum
cynoglossum_type,cynoglossum_type
cynometra,cynometra
cynometra_type,cynometra_type
cyperaceae,cyperaceae
cyperaceae_undiff,cyperaceae_undiff
cyphostemma_mappia,cyphostemma_mappia
cyphostemma_type,cyphostemma_type
cyphostemma_type_c_cyphopetalum,cyphostemma_type_c_cyphopetalum
cyphostemma_type_cyphopetalum,cyphostemma_type_cyphopetalum
cytisus_type,cytisus_type
dacryodes_type,dacryodes_type
dalbergia,dalbergia
dalbergia_type,dalbergia_type
dalechampia,dalechampia
daniellia_pynaertii_type,daniellia_pynaertii_type
daphne,daphne
daphne_gnidium,daphne_gnidium
daucus,daucus
delonix_elata,delonix_elata
dendrosenecio,dendrosenecio
desmodium,desmodium
desmodium_adscendens_type,desmodium_adscendens_type
desmodium_type,desmodium_type
detarium,detarium
dialium,dialium
dialium_guineense,dialium_guineense
dichondra_type_d_micrantha,dichondra_type_d_micrantha
dichondra_type_micrantha,dichondra_type_micrantha
dichrostachys,dichrostachys
dichrostachys_cinerea,dichrostachys_cinerea
dichrostachys_cinerea_type,dichrostachys_cinerea_type
dicliptera_type,dicliptera_type
dicoma_type,dicoma_type
dictyosperma_type,dictyosperma_type
didelotia_type,didelotia_type
digera_type_muricata,digera_type_muricata
diodia,diodia
dioscorea,dioscorea
dioscoreaceae,dioscoreaceae
diospyros,diospyros
diospyros_mauritius_type_326_de_boer,diospyros_mauritius_type_326_de_boer
diospyros_mauritius_type_363_de_boer,diospyros_mauritius_type_363_de_boer
diospyros_type,diospyros_type
dipsacaceae_undiff,dipsacaceae_undiff
dipsacoideae,dipsacoideae
dipsacoideae_undiff,dipsacoideae_undiff
dipsacus,dipsacus
dipterocarpaceae,dipterocarpaceae
dipterocarpaceae_undiff,dipterocarpaceae_undiff
dipterygium,dipterygium
disperma_type,disperma_type
dissotis,dissotis
dissotis_type,dissotis_type
distemonanthus_benthamianus,distemonanthus_benthamianus
dobera,dobera
dodonaea,dodonaea
dodonaea_mauritius_type_128_de_boer,dodonaea_mauritius_type_128_de_boer
dodonaea_mauritius_type_167_de_boer,dodonaea_mauritius_type_167_de_boer
dodonaea_type,dodonaea_type
dodonaea_viscosa,dodonaea_viscosa
dodonaea_viscosa_type,dodonaea_viscosa_type
dodonaea_viscosa_var_angustifolia,dodonaea_viscosa_var_angustifolia
dodonaeoideae,dodonaeoideae
dolichos,dolichos
dolichos_type,dolichos_type
doliocarpus_type,doliocarpus_type
dombeya,dombeya
dombeya_cf_d_buetnerii,dombeya_cf_d_buetnerii
dombeya_elliptica_type,dombeya_elliptica_type
dombeya_type,dombeya_type
dorstenia,dorstenia
dorstenia_kameruniana,dorstenia_kameruniana
dorstenia_type,dorstenia_type
dorstenia_type_scaphigera,dorstenia_type_scaphigera
dorstenia_zanzibarica_type,dorstenia_zanzibarica_type
dovyalis,dovyalis
dracaena,dracaena
dracaena_afromontana_type,dracaena_afromontana_type
dracaena_steudneri,dracaena_steudneri
dracaena_steudneri_type,dracaena_steudneri_type
dracaena_type,dracaena_type
drimiopsis,drimiopsis
droseraceae,droseraceae
droseraceae_undiff,droseraceae_undiff
drymaria_cordata,drymaria_cordata
drypetes,drypetes
drypetes_type,drypetes_type
drypetes_type_d_gossweileri,drypetes_type_d_gossweileri
dypsis,dypsis
dyschoriste_type,dyschoriste_type
ebenaceae,ebenaceae
echinops,echinops
echium,echium
ehretia,ehretia
ehretia_cymosa,ehretia_cymosa
ekebergia,ekebergia
ekebergia_type,ekebergia_type
ekebergia_type_capensis,ekebergia_type_capensis
ekebergia_type_e_capensis,ekebergia_type_e_capensis
elaeis,elaeis
elaeis_guineensis,elaeis_guineensis
elaeocarpaceae,elaeocarpaceae
elaeocarpus,elaeocarpus
elaeophorbia_drupifera_type,elaeophorbia_drupifera_type
elaeophorbia_type,elaeophorbia_type
elaeophorbia_type_drupifera,elaeophorbia_type_drupifera
elegia,elegia
elephantopus,elephantopus
embelia,embelia
embelia_type,embelia_type
embelia_type_e_schimperi,embelia_type_e_schimperi
emilia_type,emilia_type
englerina,englerina
englerophytum,englerophytum
entada,entada
entada_type,entada_type
entandrophragma,entandrophragma
entandrophragma_type,entandrophragma_type
ephedra,ephedra
ephedra_cf_e_distachya,ephedra_cf_e_distachya
ephedra_cf_e_fragilis,ephedra_cf_e_fragilis
ephedra_distachya_type,ephedra_distachya_type
ephedra_fragilis,ephedra_fragilis
ephedra_fragilis_type,ephedra_fragilis_type
ephedra_undiff,ephedra_undiff
ephippiandra,ephippiandra
epilobium,epilobium
erica,erica
erica_arborea,erica_arborea
erica_arbutus,erica_arbutus
erica_type,erica_type
erica_type_arborea,erica_type_arborea
erica_undiff,erica_undiff
ericaceae,ericaceae
ericaceae_undiff,ericaceae_undiff
ericales,ericales
eriocoelum_macrocarpum_type,eriocoelum_macrocarpum_type
eriocoelum_type,eriocoelum_type
eriosema_type,eriosema_type
erodium,erodium
eryngium,eryngium
erythrina,erythrina
erythrocephalum_type,erythrocephalum_type
erythrococca,erythrococca
erythrococca_africana,erythrococca_africana
erythrococca_type,erythrococca_type
erythrococca_type_type_3,erythrococca_type_type_3
erythrococca_type_type_4,erythrococca_type_type_4
erythrophleum,erythrophleum
erythroxylaceae,erythroxylaceae
eucalyptus,eucalyptus
eucalyptus_type,eucalyptus_type
euclea,euclea
euclea_type,euclea_type
eucomis,eucomis
eucryphia_type,eucryphia_type
eugenia,eugenia
eugenia_scottii,eugenia_scottii
eugenia_syzygium,eugenia_syzygium
eugenia_type,eugenia_type
euphorbia,euphorbia
euphorbia_acalyphoides,euphorbia_acalyphoides
euphorbia_hirta,euphorbia_hirta
euphorbia_hirta_type,euphorbia_hirta_type
euphorbia_hypericifolia,euphorbia_hypericifolia
euphorbia_type,euphorbia_type
euphorbia_type_1,euphorbia_type_1
euphorbia_type_abyssinica,euphorbia_type_abyssinica
euphorbia_type_hirta,euphorbia_type_hirta
euphorbia_type_umbellata,euphorbia_type_umbellata
euphorbiaceae,euphorbiaceae
euphorbiaceae_mauritius_type_112b_de_boer,euphorbiaceae_mauritius_type_112b_de_boer
euphorbiaceae_mauritius_type_172_de_boer,euphorbiaceae_mauritius_type_172_de_boer
euphorbiaceae_mauritius_type_88_de_boer,euphorbiaceae_mauritius_type_88_de_boer
euphorbiaceae_prolate,euphorbiaceae_prolate
euphorbiaceae_type_1,euphorbiaceae_type_1
euphorbiaceae_undiff,euphorbiaceae_undiff
evolvulus,evolvulus
evolvulus_type,evolvulus_type
excoecaria,excoecaria
fabaceae,fabaceae
fabaceae_type_1,fabaceae_type_1
fabaceae_undiff,fabaceae_undiff
faboideae,faboideae
faboideae_cf_aeschynomene,faboideae_cf_aeschynomene
faboideae_cf_crotalaria,faboideae_cf_crotalaria
faboideae_type_1,faboideae_type_1
faboideae_type_2,faboideae_type_2
faboideae_undiff,faboideae_undiff
fadogia_type,fadogia_type
fagaropsis,fagaropsis
fagaropsis_angolensis,fagaropsis_angolensis
fagaropsis_type_f_angolensis,fagaropsis_type_f_angolensis
fagonia,fagonia
fagopyrum,fagopyrum
faidherbia_albida,faidherbia_albida
farsetia_stylosa_type_25mu_m,farsetia_stylosa_type_25mu_m
faurea,faurea
faurea_allophylus,faurea_allophylus
faurea_rubriflora,faurea_rubriflora
faurea_type,faurea_type
ficalhoa,ficalhoa
ficalhoa_type_f_laurifolia,ficalhoa_type_f_laurifolia
ficus,ficus
ficus_type,ficus_type
filago_type,filago_type
filipendula_type,filipendula_type
flabellaria,flabellaria
flabellaria_paniculata_type,flabellaria_paniculata_type
flabellaria_type,flabellaria_type
flabellaria_type_f_paniculata,flabellaria_type_f_paniculata
flabellaria_type_paniculata,flabellaria_type_paniculata
flabellariopsis_type,flabellariopsis_type
flacourtia,flacourtia
fleroya_rubrostipulata_type,fleroya_rubrostipulata_type
floscopa_type,floscopa_type
flueggea,flueggea
flueggea_type,flueggea_type
flueggea_type_virosa,flueggea_type_virosa
flueggea_virosa,flueggea_virosa
flueggea_virosa_type,flueggea_virosa_type
foetidia,foetidia
foetidia_type,foetidia_type
fraxinus,fraxinus
fraxinus_type,fraxinus_type
fumaria_abyssinica_type,fumaria_abyssinica_type
funtumia,funtumia
gaertnera,gaertnera
gaertnera_paniculata_type,gaertnera_paniculata_type
gaertnera_type,gaertnera_type
gagnebina,gagnebina
galiniera,galiniera
galiniera_coffeoides,galiniera_coffeoides
galiniera_saxifraga_type,galiniera_saxifraga_type
galiniera_type,galiniera_type
galium,galium
galium_rubia,galium_rubia
galium_type,galium_type
ganophyllum,ganophyllum
ganophyllum_giganteum,ganophyllum_giganteum
ganophyllum_type_g_giganteum,ganophyllum_type_g_giganteum
ganophyllum_type_giganteum,ganophyllum_type_giganteum
garcinia,garcinia
garcinia_livingstonei_type,garcinia_livingstonei_type
garcinia_quadrifaria_type,garcinia_quadrifaria_type
garcinia_type,garcinia_type
garcinia_volkensii_type,garcinia_volkensii_type
gardenia,gardenia
gardenia_imperialis,gardenia_imperialis
gardenia_ternifolia_var_jovis_tonantis,gardenia_ternifolia_var_jovis_tonantis
gardenia_type,gardenia_type
gardenia_type_imperialis,gardenia_type_imperialis
gardenia_undiff,gardenia_undiff
gardenieae,gardenieae
gentianaceae,gentianaceae
gentianaceae_undiff,gentianaceae_undiff
geraniaceae,geraniaceae
geraniaceae_undiff,geraniaceae_undiff
geranium,geranium
gilbertiodendron_type_mayombense,gilbertiodendron_type_mayombense
gladiolus,gladiolus
gladiolus_watsonius_type,gladiolus_watsonius_type
glenniea,glenniea
globimetula_type,globimetula_type
glyphaea_brevis,glyphaea_brevis
gnidia,gnidia
gnidia_type,gnidia_type
gnidia_type_chrysantha,gnidia_type_chrysantha
gnidia_type_g_glauca,gnidia_type_g_glauca
gnidia_type_glauca,gnidia_type_glauca
gorteria_type_beguinotii,gorteria_type_beguinotii
grewia,grewia
grewia_type,grewia_type
grewia_type_tenax,grewia_type_tenax
greyia,greyia
grielum,grielum
guibourtia_type_demeusei,guibourtia_type_demeusei
guiera_senegalensis,guiera_senegalensis
guizotia_type,guizotia_type
gunnera,gunnera
gunnera_perpensa,gunnera_perpensa
gunneraceae,gunneraceae
gymnosporia,gymnosporia
gymnosporia_senegalensis,gymnosporia_senegalensis
gymnosporia_type_senegalensis,gymnosporia_type_senegalensis
haemanthus,haemanthus
haemanthus_type,haemanthus_type
haematostaphis_type_h_barteri,haematostaphis_type_h_barteri
hagenia,hagenia
hagenia_abyssinica,hagenia_abyssinica
harrisonia_type,harrisonia_type
harungana,harungana
harungana_madagascariensis,harungana_madagascariensis
harungana_madagascariensis_type,harungana_madagascariensis_type
hebenstretia_dentata,hebenstretia_dentata
hedera,hedera
heisteria_type,heisteria_type
heliantheae,heliantheae
helianthemum,helianthemum
helichrysum,helichrysum
helichrysum_foetidum_type,helichrysum_foetidum_type
helichrysum_forskalii_type,helichrysum_forskalii_type
helichrysum_type,helichrysum_type
heliotropium,heliotropium
heliotropium_steudneri,heliotropium_steudneri
heliotropium_steudneri_type,heliotropium_steudneri_type
heliotropium_strigosum_type,heliotropium_strigosum_type
heliotropium_type,heliotropium_type
heliotropium_type_lithospermoides,heliotropium_type_lithospermoides
hermannia,hermannia
hermannia_type,hermannia_type
herniaria_type,herniaria_type
heteromorpha,heteromorpha
heteromorpha_type,heteromorpha_type
heteropterys,heteropterys
hevea_brasiliensis,hevea_brasiliensis
hewittia_scandens,hewittia_scandens
hewittia_type_malabarica,hewittia_type_malabarica
hibiscus,hibiscus
hibiscus_fragilis,hibiscus_fragilis
hibiscus_fragilis_type,hibiscus_fragilis_type
hibiscus_type,hibiscus_type
hibiscus_type_micranthus,hibiscus_type_micranthus
hildebrandtia_type_obcordata,hildebrandtia_type_obcordata
hippocastanoideae,hippocastanoideae
holoptelea,holoptelea
holoptelea_grandis,holoptelea_grandis
homalium,homalium
homalium_type,homalium_type
hua_gabonii,hua_gabonii
hugonia,hugonia
hugonia_type_platysepala,hugonia_type_platysepala
humulus_cannabis,humulus_cannabis
hydrolea,hydrolea
hylodendron_gabunense,hylodendron_gabunense
hymenocardia,hymenocardia
hymenocardia_acida_type,hymenocardia_acida_type
hymenocardia_chaetachme,hymenocardia_chaetachme
hymenocardia_type_ulmoides,hymenocardia_type_ulmoides
hymenodictyon,hymenodictyon
hymenodictyon_floribundum_type,hymenodictyon_floribundum_type
hymenodictyon_type,hymenodictyon_type
hymenodictyon_type_floribundum,hymenodictyon_type_floribundum
hymenodictyon_type_h_floribundum,hymenodictyon_type_h_floribundum
hymenostegia,hymenostegia
hymenostegia_type_pellegrini,hymenostegia_type_pellegrini
hyophorbe_type,hyophorbe_type
hyperacanthus,hyperacanthus
hypericum,hypericum
hyphaene,hyphaene
hyphaene_type,hyphaene_type
hypoestes,hypoestes
hypoestes_type,hypoestes_type
hypoestes_type_aristata,hypoestes_type_aristata
hyptis,hyptis
hyptis_brevipes_type_12mu_m,hyptis_brevipes_type_12mu_m
hyptis_type,hyptis_type
icacinaceae,icacinaceae
ilex,ilex
ilex_aquifolium,ilex_aquifolium
ilex_mitis,ilex_mitis
ilex_type_2,ilex_type_2
illecebrum,illecebrum
impatiens,impatiens
indigofera,indigofera
indigofera_schimperi_type,indigofera_schimperi_type
indigofera_type,indigofera_type
indigofera_type_schimperi,indigofera_type_schimperi
inuleae,inuleae
iodes,iodes
ipomoea,ipomoea
ipomoea_type,ipomoea_type
iridaceae,iridaceae
iridaceae_type,iridaceae_type
iris,iris
irvingia,irvingia
irvingia_type,irvingia_type
irvingia_type_gabonensis,irvingia_type_gabonensis
irvingia_type_i_wombolu,irvingia_type_i_wombolu
irvingia_wombolu,irvingia_wombolu
irvingiaceae,irvingiaceae
irvingiaceae_undiff,irvingiaceae_undiff
isoberlinia,isoberlinia
isoberlinia_type,isoberlinia_type
isoglossa,isoglossa
ixora,ixora
ixora_type,ixora_type
ixora_type_brachypoda,ixora_type_brachypoda
ixora_type_i_brachypoda,ixora_type_i_brachypoda
jasminum,jasminum
jasminum_abyssinicum,jasminum_abyssinicum
jasminum_abyssinicum_type,jasminum_abyssinicum_type
jasminum_grandiflorum_subsp_floribundum_type,jasminum_grandiflorum_subsp_floribundum_type
jasminum_type,jasminum_type
jatropha_croton,jatropha_croton
jatropha_pelargoniifolia,jatropha_pelargoniifolia
jatropha_type,jatropha_type
juglans,juglans
julbernardia,julbernardia
julbernardia_paniculata_type,julbernardia_paniculata_type
julbernardia_seretii_type,julbernardia_seretii_type
julbernardia_type_1,julbernardia_type_1
julbernardia_type_2,julbernardia_type_2
juncaceae,juncaceae
juniperus,juniperus
juniperus_cf_j_procera,juniperus_cf_j_procera
juniperus_procera,juniperus_procera
juniperus_type,juniperus_type
juniperus_type_procera,juniperus_type_procera
justicia,justicia
justicia_anselliana_type,justicia_anselliana_type
justicia_diporate,justicia_diporate
justicia_flava,justicia_flava
justicia_flava_type,justicia_flava_type
justicia_odora,justicia_odora
justicia_odora_type,justicia_odora_type
justicia_striata_type,justicia_striata_type
justicia_triporate,justicia_triporate
justicia_type,justicia_type
justicia_type_anselliana,justicia_type_anselliana
justicia_type_betonica,justicia_type_betonica
justicia_type_flava,justicia_type_flava
justicia_type_j_flava,justicia_type_j_flava
justicia_type_odora,justicia_type_odora
kalanchoe,kalanchoe
kedrostis,kedrostis
kedrostis_type,kedrostis_type
keetia,keetia
keetia_gueinzii_type,keetia_gueinzii_type
keetia_type_gueinzii,keetia_type_gueinzii
keetia_type_k_cornelia,keetia_type_k_cornelia
keetia_type_k_venosa,keetia_type_k_venosa
khaya,khaya
khaya_type,khaya_type
kickxia_diclis,kickxia_diclis
kiggelaria,kiggelaria
kiggelaria_africana,kiggelaria_africana
kirkia,kirkia
klaineanthus_gaboniae,klaineanthus_gaboniae
knautia,knautia
kniphofia,kniphofia
kniphofia_type_reflexa,kniphofia_type_reflexa
kohautia,kohautia
kohautia_caespitosa,kohautia_caespitosa
kohautia_caespitosa_type,kohautia_caespitosa_type
kohautia_type_caespitosa,kohautia_type_caespitosa
kotschya,kotschya
kotschya_africana_type,kotschya_africana_type
kotschya_type,kotschya_type
labourdonnaisia_type,labourdonnaisia_type
lactucoideae_undiff,lactucoideae_undiff
lamiaceae,lamiaceae
lamiaceae_hexacolpate,lamiaceae_hexacolpate
lamiaceae_tricolpate,lamiaceae_tricolpate
lamiaceae_undiff,lamiaceae_undiff
lamium_type,lamium_type
landolphia,landolphia
landolphia_type,landolphia_type
landolphia_type_type_3,landolphia_type_type_3
lannea,lannea
lannea_sclerocarya,lannea_sclerocarya
lannea_type,lannea_type
lantana,lantana
lantana_type_ukambensis,lantana_type_ukambensis
lantana_type_viburnoides,lantana_type_viburnoides
laportea,laportea
laportea_aestuans_type,laportea_aestuans_type
laportea_type,laportea_type
laportea_type_aestuans,laportea_type_aestuans
lasianthus,lasianthus
lasiodiscus,lasiodiscus
latania_dracaena_type,latania_dracaena_type
latania_type,latania_type
lathyrus_type,lathyrus_type
lauraceae,lauraceae
laurembergia,laurembergia
laurembergia_repens_subsp_brachypoda,laurembergia_repens_subsp_brachypoda
laurembergia_tetrandra,laurembergia_tetrandra
laurus,laurus
laurus_nobilis,laurus_nobilis
lawsonia,lawsonia
lawsonia_type_inermis,lawsonia_type_inermis
lecaniodiscus_lepisanthes_senegalensis,lecaniodiscus_lepisanthes_senegalensis
lecaniodiscus_type_cupanioides,lecaniodiscus_type_cupanioides
lecaniodiscus_type_l_cupanioides,lecaniodiscus_type_l_cupanioides
leonardoxa_type,leonardoxa_type
leonotis,leonotis
leonotis_type,leonotis_type
lepidagathis,lepidagathis
lepidagathis_type,lepidagathis_type
lepisanthes,lepisanthes
lepisanthes_senegalensis,lepisanthes_senegalensis
lepisanthes_type_l_senegalensis,lepisanthes_type_l_senegalensis
lepisanthes_type_senegalensis,lepisanthes_type_senegalensis
leptactina,leptactina
leptaulus,leptaulus
leucas,leucas
leucas_type,leucas_type
leucosidea,leucosidea
leucospermum,leucospermum
liliaceae,liliaceae
liliaceae_undiff,liliaceae_undiff
limeum,limeum
limonium_type,limonium_type
limosella,limosella
linaceae,linaceae
linaria,linaria
lindackeria,lindackeria
lindackeria_type,lindackeria_type
lindernia,lindernia
lingelsheimia_type_frutescens,lingelsheimia_type_frutescens
linociera,linociera
linum,linum
linum_austriacum,linum_austriacum
lippia,lippia
lippia_type,lippia_type
lithospermum_afromontanum_type,lithospermum_afromontanum_type
lobelia,lobelia
lobelia_ancepts,lobelia_ancepts
lobelia_holstii_type,lobelia_holstii_type
lobelioideae_undiff,lobelioideae_undiff
lobostemon,lobostemon
lobostemon_type,lobostemon_type
loesenera_type,loesenera_type
lonchocarpus,lonchocarpus
lonchocarpus_sericeus,lonchocarpus_sericeus
lonchocarpus_sericeus_type,lonchocarpus_sericeus_type
lonicera_type,lonicera_type
lophira,lophira
lophira_alata,lophira_alata
lophira_lanceolata_type,lophira_lanceolata_type
loranthaceae,loranthaceae
loranthaceae_undiff,loranthaceae_undiff
loranthus_type,loranthus_type
lotus,lotus
lotus_arabicus,lotus_arabicus
lotus_arabicus_type,lotus_arabicus_type
lotus_type,lotus_type
ludwigia_type,ludwigia_type
luffa_type,luffa_type
lumnitzera_racemosa_type_16mu_m,lumnitzera_racemosa_type_16mu_m
lychnophora_type,lychnophora_type
lycium,lycium
lygeum_spartum,lygeum_spartum
lysimachia,lysimachia
lysimachia_angustiloba_type,lysimachia_angustiloba_type
lysimachia_type,lysimachia_type
lythraceae,lythraceae
lythraceae_undiff,lythraceae_undiff
lythrum,lythrum
macaranga,macaranga
macaranga_capensis,macaranga_capensis
macaranga_kilimandscharica,macaranga_kilimandscharica
macaranga_mallotus,macaranga_mallotus
macaranga_type,macaranga_type
machaerium_lunatum,machaerium_lunatum
maclura,maclura
maclura_type,maclura_type
macrosphyra_type,macrosphyra_type
maerua,maerua
maerua_ritchiea,maerua_ritchiea
maerua_type,maerua_type
maesa,maesa
maesa_lanceolata,maesa_lanceolata
maesa_lanceolata_type,maesa_lanceolata_type
maesa_type_m_lanceolata,maesa_type_m_lanceolata
maesobotrya_barteri_type,maesobotrya_barteri_type
maesopsis_eminii,maesopsis_eminii
maesopsis_type,maesopsis_type
majidea,majidea
mallotus,mallotus
mallotus_oppositifolius,mallotus_oppositifolius
mallotus_type,mallotus_type
mallotus_type_m_oppositifolius,mallotus_type_m_oppositifolius
mallotus_type_oppositifolius,mallotus_type_oppositifolius
malpighiaceae,malpighiaceae
malpighiaceae_undiff,malpighiaceae_undiff
malvaceae,malvaceae
malvaceae_undiff,malvaceae_undiff
mangifera_indica,mangifera_indica
manilkara,manilkara
manilkara_type,manilkara_type
mansonia_altissima_type,mansonia_altissima_type
maprounea,maprounea
maranthes_type,maranthes_type
mareya_type,mareya_type
margaritaria,margaritaria
margaritaria_discoidea,margaritaria_discoidea
margaritaria_discoidea_type,margaritaria_discoidea_type
margaritaria_type_discoidea,margaritaria_type_discoidea
margaritaria_type_m_discoidea,margaritaria_type_m_discoidea
markhamia,markhamia
markhamia_zanzibarica_type,markhamia_zanzibarica_type
martretia,martretia
martretia_quadricornis,martretia_quadricornis
matricaria_type,matricaria_type
maytenus,maytenus
medicago_type,medicago_type
melastomataceae,melastomataceae
melastomataceae_undiff,melastomataceae_undiff
meliaceae,meliaceae
meliaceae_20mu_m_4_minus_5cp,meliaceae_20mu_m_4_minus_5cp
meliaceae_sapotaceae,meliaceae_sapotaceae
meliaceae_undiff,meliaceae_undiff
melilotus_type,melilotus_type
mellera_type,mellera_type
melochia,melochia
menispermaceae,menispermaceae
menispermaceae_undiff,menispermaceae_undiff
mentha,mentha
mentha_type,mentha_type
mercurialis,mercurialis
merremia,merremia
merremia_type,merremia_type
mesembryanthemoideae,mesembryanthemoideae
mesosphaerum_type_pectinatum,mesosphaerum_type_pectinatum
micrococca,micrococca
micrococca_mercurialis,micrococca_mercurialis
micrococca_scariosa,micrococca_scariosa
micrococca_type_mercurialis,micrococca_type_mercurialis
microdesmis,microdesmis
milicia_type_excelsa,milicia_type_excelsa
milleria_type,milleria_type
mimosa,mimosa
mimosa_pigra,mimosa_pigra
mimosa_pigra_type,mimosa_pigra_type
mimosa_type,mimosa_type
mimosa_type_pigra,mimosa_type_pigra
mimosoid_clade,mimosoid_clade
mimosoid_clade_undiff,mimosoid_clade_undiff
mimulopsis,mimulopsis
mimulopsis_type,mimulopsis_type
mimusops,mimusops
mimusops_kummel,mimusops_kummel
mimusops_type,mimusops_type
mitracarpus,mitracarpus
mitracarpus_hirtus,mitracarpus_hirtus
mitracarpus_scaber,mitracarpus_scaber
mitragyna,mitragyna
mitragyna_inermis,mitragyna_inermis
mitragyna_inermis_type,mitragyna_inermis_type
mitragyna_ledermannii,mitragyna_ledermannii
mitragyna_stipulosa,mitragyna_stipulosa
mitragyna_type,mitragyna_type
mitragyna_type_inermis,mitragyna_type_inermis
mitragyna_type_m_inermis,mitragyna_type_m_inermis
mitragyna_type_m_rubrostipulata,mitragyna_type_m_rubrostipulata
mitragyna_type_rubrostipulata,mitragyna_type_rubrostipulata
mitragyna_type_stipulosa,mitragyna_type_stipulosa
molinaea,molinaea
moltkiopsis,moltkiopsis
moltkiopsis_ciliata,moltkiopsis_ciliata
monadenium_type,monadenium_type
monechma,monechma
monimia_type,monimia_type
monimiaceae,monimiaceae
monotes_lutambensis,monotes_lutambensis
monsonia_heliotropioides_type,monsonia_heliotropioides_type
montia,montia
moraceae,moraceae
moraceae_diporate,moraceae_diporate
moraceae_triporate,moraceae_triporate
moraceae_type,moraceae_type
moraceae_undiff,moraceae_undiff
morelia_senegalensis,morelia_senegalensis
morella,morella
morella_faya,morella_faya
morella_salicifolia,morella_salicifolia
morella_serrata_type,morella_serrata_type
morinda,morinda
morus,morus
morus_type,morus_type
musanga,musanga
musanga_myrianthus,musanga_myrianthus
musanga_type,musanga_type
mussaenda,mussaenda
mutisioideae,mutisioideae
myrianthus,myrianthus
myrianthus_arboreus,myrianthus_arboreus
myrianthus_holstii_type,myrianthus_holstii_type
myrianthus_serratus,myrianthus_serratus
myrianthus_type,myrianthus_type
myrianthus_type_arboreus,myrianthus_type_arboreus
myrianthus_type_holstii,myrianthus_type_holstii
myrianthus_type_m_arboreus,myrianthus_type_m_arboreus
myrianthus_type_m_holstii,myrianthus_type_m_holstii
myrica,myrica
myrica_type,myrica_type
myricaceae,myricaceae
myrothamnus,myrothamnus
myrsine,myrsine
myrsine_africana,myrsine_africana
myrsinoideae,myrsinoideae
myrtaceae,myrtaceae
myrtaceae_undiff,myrtaceae_undiff
myrtus,myrtus
myrtus_communis,myrtus_communis
nauclea,nauclea
nauclea_latifolia,nauclea_latifolia
nauclea_type,nauclea_type
nauclea_type_latifolia,nauclea_type_latifolia
neoboutonia,neoboutonia
neoboutonia_macrocalyx,neoboutonia_macrocalyx
neoboutonia_type,neoboutonia_type
neoboutonia_type_macrocalyx,neoboutonia_type_macrocalyx
nerium,nerium
nesogordonia,nesogordonia
nesogordonia_papaverifera,nesogordonia_papaverifera
neurada_procumbens,neurada_procumbens
newtonia_type,newtonia_type
noronhia,noronhia
nuxia,nuxia
nuxia_congesta,nuxia_congesta
nuxia_dobera,nuxia_dobera
nuxia_ficalhoa,nuxia_ficalhoa
nuxia_floribunda,nuxia_floribunda
nuxia_type,nuxia_type
nuxia_type_congesta,nuxia_type_congesta
nuxia_type_n_congesta,nuxia_type_n_congesta
nuxia_verticillata,nuxia_verticillata
nyctaginaceae,nyctaginaceae
ochnaceae_undiff,ochnaceae_undiff
ochthocosmus,ochthocosmus
ocimum,ocimum
ocimum_type,ocimum_type
ocimum_type_basilicum,ocimum_type_basilicum
ocotea,ocotea
olacaceae,olacaceae
olax,olax
oldeania_alpina,oldeania_alpina
oldenlandia,oldenlandia
oldenlandia_hymenodictyon,oldenlandia_hymenodictyon
oldenlandia_type,oldenlandia_type
oldfieldia_type,oldfieldia_type
olea,olea
olea_capensis,olea_capensis
olea_capensis_subsp_hochstetteri,olea_capensis_subsp_hochstetteri
olea_capensis_type,olea_capensis_type
olea_europaea,olea_europaea
olea_europaea_subsp_cuspidata,olea_europaea_subsp_cuspidata
olea_europaea_subsp_cuspidata_type,olea_europaea_subsp_cuspidata_type
olea_europaea_type,olea_europaea_type
olea_hochstetteri_type,olea_hochstetteri_type
olea_type,olea_type
olea_welwitschii,olea_welwitschii
oleaceae,oleaceae
oleaceae_undiff,oleaceae_undiff
oligocodon_type_cunliffeae,oligocodon_type_cunliffeae
olinia,olinia
onagraceae,onagraceae
onagraceae_undiff,onagraceae_undiff
oncoba_type,oncoba_type
operculicarya,operculicarya
orchidaceae,orchidaceae
ormocarpum,ormocarpum
ormocarpum_type,ormocarpum_type
ormocarpum_type_o_trichocarpum,ormocarpum_type_o_trichocarpum
ostrya,ostrya
ostrya_type,ostrya_type
osyris,osyris
osyris_type,osyris_type
ouratea,ouratea
ouratea_type,ouratea_type
oxalis,oxalis
oxalis_type,oxalis_type
oxygonum,oxygonum
ozoroa_type,ozoroa_type
ozoroa_type_insignis,ozoroa_type_insignis
pachypodium,pachypodium
pachypodium_type,pachypodium_type
pancovia,pancovia
pancovia_type_bijuga,pancovia_type_bijuga
pancovia_type_p_bijuga,pancovia_type_p_bijuga
pandanus,pandanus
pandanus_candelabrum,pandanus_candelabrum
pandanus_mauritius_type_131_de_boer,pandanus_mauritius_type_131_de_boer
pandanus_type,pandanus_type
papaveraceae,papaveraceae
pappea_capensis,pappea_capensis
pappea_type_capensis,pappea_type_capensis
parinari,parinari
parinari_type,parinari_type
parkia,parkia
parkia_type,parkia_type
parkinsonia,parkinsonia
paronychia,paronychia
paronychieae,paronychieae
passerina,passerina
passifloraceae,passifloraceae
passifloraceae_undiff,passifloraceae_undiff
paullinia,paullinia
paullinia_pinnata,paullinia_pinnata
pausinystalia,pausinystalia
pausinystalia_type,pausinystalia_type
pausinystalia_type_macroceras,pausinystalia_type_macroceras
pausinystalia_type_p_macroceras,pausinystalia_type_p_macroceras
pavetta,pavetta
pavetta_elliotti_type,pavetta_elliotti_type
pavetta_gardeniifolia_type,pavetta_gardeniifolia_type
pavetta_type_elliottii,pavetta_type_elliottii
pavonia,pavonia
pedaliaceae_cf_sesamum,pedaliaceae_cf_sesamum
pedicularis,pedicularis
peltophorum,peltophorum
penaea,penaea
penaeaceae,penaeaceae
penianthus_type,penianthus_type
pentaclethra,pentaclethra
pentaclethra_eetveldeana,pentaclethra_eetveldeana
pentaclethra_macrophylla,pentaclethra_macrophylla
pentadesma,pentadesma
pentadesma_grandifolia,pentadesma_grandifolia
pentanisia_type_ouranogyne,pentanisia_type_ouranogyne
pentas,pentas
pentas_type,pentas_type
pentodon_pentandrus,pentodon_pentandrus
pentzia_type,pentzia_type
peperomia,peperomia
peperomia_15mu_m,peperomia_15mu_m
peperomia_8mu_m,peperomia_8mu_m
periploca,periploca
periplocoideae,periplocoideae
peristrophe,peristrophe
peristrophe_type,peristrophe_type
persicaria,persicaria
persicaria_cf_p_senegalensis,persicaria_cf_p_senegalensis
persicaria_maculosa,persicaria_maculosa
persicaria_maculosa_type,persicaria_maculosa_type
persicaria_nepalensis_type,persicaria_nepalensis_type
persicaria_senegalensis,persicaria_senegalensis
persicaria_senegalensis_type,persicaria_senegalensis_type
peucedanum_type,peucedanum_type
phaseolus,phaseolus
phaulopsis,phaulopsis
phaulopsis_type,phaulopsis_type
phillyrea,phillyrea
phillyrea_angustifolia,phillyrea_angustifolia
phoenix,phoenix
phoenix_cf_p_reclinata,phoenix_cf_p_reclinata
phoenix_reclinata,phoenix_reclinata
phoenix_reclinata_type,phoenix_reclinata_type
phylica,phylica
phyllanthus,phyllanthus
phyllanthus_amarus_type,phyllanthus_amarus_type
phyllanthus_engleri_type,phyllanthus_engleri_type
phyllanthus_muellerianus_type,phyllanthus_muellerianus_type
phyllanthus_niruri_type,phyllanthus_niruri_type
phyllanthus_reticulatus,phyllanthus_reticulatus
phyllanthus_reticulatus_type,phyllanthus_reticulatus_type
phyllanthus_rivae_type,phyllanthus_rivae_type
phyllanthus_type,phyllanthus_type
phyllanthus_type_amarus,phyllanthus_type_amarus
phyllanthus_type_fraternus,phyllanthus_type_fraternus
phyllanthus_type_leucanthus,phyllanthus_type_leucanthus
phyllanthus_type_maderaspatensis,phyllanthus_type_maderaspatensis
phyllanthus_type_muellerianus,phyllanthus_type_muellerianus
phyllanthus_type_p_amarus,phyllanthus_type_p_amarus
phyllanthus_type_p_fraternus,phyllanthus_type_p_fraternus
phyllanthus_type_p_muellerianus,phyllanthus_type_p_muellerianus
phyllanthus_type_p_nummulariifolius,phyllanthus_type_p_nummulariifolius
phyllanthus_type_p_reticularus,phyllanthus_type_p_reticularus
phyllanthus_type_p_rivae,phyllanthus_type_p_rivae
phyllanthus_type_reticulatus,phyllanthus_type_reticulatus
phyllanthus_undiff,phyllanthus_undiff
phytolacca_type,phytolacca_type
phytolaccaceae,phytolaccaceae
picea,picea
pilea,pilea
pilea_bambuseti_type,pilea_bambuseti_type
pilea_type_bambuseti,pilea_type_bambuseti
pilea_type_p_bambuseti,pilea_type_p_bambuseti
piliostigma,piliostigma
piliostigma_thonningii,piliostigma_thonningii
piliostigma_thonningii_type,piliostigma_thonningii_type
pimpinella,pimpinella
pimpinella_anisum_type,pimpinella_anisum_type
pinaceae,pinaceae
pinus,pinus
pinus_canariensis,pinus_canariensis
pinus_halepensis,pinus_halepensis
pinus_halepensis_type,pinus_halepensis_type
piper,piper
piper_monosulcate,piper_monosulcate
piper_pratense_type_verrucate,piper_pratense_type_verrucate
piper_type,piper_type
piptadenia_type,piptadenia_type
piptadeniastrum_africanum,piptadeniastrum_africanum
piptadeniastrum_type_p_africanum,piptadeniastrum_type_p_africanum
pistacia,pistacia
pistacia_lentiscus,pistacia_lentiscus
pittosporum,pittosporum
plagiostyles_africana,plagiostyles_africana
plagiostyles_type_africana,plagiostyles_type_africana
plantago,plantago
plantago_africana_type,plantago_africana_type
plantago_cf_p_coronopus,plantago_cf_p_coronopus
plantago_cf_p_lanceolata,plantago_cf_p_lanceolata
plantago_cf_p_major,plantago_cf_p_major
plantago_ciliata_type,plantago_ciliata_type
plantago_coronopus,plantago_coronopus
plantago_coronopus_type,plantago_coronopus_type
plantago_lanceolata,plantago_lanceolata
plantago_lanceolata_type,plantago_lanceolata_type
plantago_major_p_media_type,plantago_major_p_media_type
plantago_pro_parte,plantago_pro_parte
plantago_undiff,plantago_undiff
plectranthus,plectranthus
plectranthus_type_p_otostegioides,plectranthus_type_p_otostegioides
plicosephalus_type,plicosephalus_type
plumbaginaceae,plumbaginaceae
plumbago_zeylanica,plumbago_zeylanica
poaceae,poaceae
poaceae_10_minus_20mu_m_d_a,poaceae_10_minus_20mu_m_d_a
poaceae_10_minus_20mu_m_s_a,poaceae_10_minus_20mu_m_s_a
poaceae_20_minus_30mu_m_d_a,poaceae_20_minus_30mu_m_d_a
poaceae_20_minus_30mu_m_s_a,poaceae_20_minus_30mu_m_s_a
poaceae_bigger_than_25_mu_m,poaceae_bigger_than_25_mu_m
poaceae_bigger_than_40_mu_m,poaceae_bigger_than_40_mu_m
poaceae_bigger_than_47_mu_m,poaceae_bigger_than_47_mu_m
poaceae_bigger_than_50_mu_m,poaceae_bigger_than_50_mu_m
poaceae_cerealia,poaceae_cerealia
poaceae_cerealia_type,poaceae_cerealia_type
poaceae_cerealia_undiff,poaceae_cerealia_undiff
poaceae_smaller_than_10mu_m_d_a,poaceae_smaller_than_10mu_m_d_a
poaceae_smaller_than_10mu_m_s_a,poaceae_smaller_than_10mu_m_s_a
poaceae_smaller_than_25_mu_m,poaceae_smaller_than_25_mu_m
poaceae_smaller_than_40_mu_m,poaceae_smaller_than_40_mu_m
poaceae_smaller_than_47_mu_m,poaceae_smaller_than_47_mu_m
poaceae_smaller_than_50_mu_m,poaceae_smaller_than_50_mu_m
poaceae_undiff,poaceae_undiff
poaceae_undiff_bigger_than_40_mu_m,poaceae_undiff_bigger_than_40_mu_m
poaceae_undiff_smaller_than_40_mu_m,poaceae_undiff_smaller_than_40_mu_m
podocarpaceae,podocarpaceae
podocarpus,podocarpus
podocarpus_latifolius,podocarpus_latifolius
podocarpus_type,podocarpus_type
podocarpus_type_milanjianus,podocarpus_type_milanjianus
podococcus_barteri,podococcus_barteri
polycarpaea,polycarpaea
polycarpaea_eriantha_type,polycarpaea_eriantha_type
polycarpaea_type,polycarpaea_type
polycarpon,polycarpon
polycarpon_prostratum,polycarpon_prostratum
polycarpon_type,polycarpon_type
polydora_serratuloides,polydora_serratuloides
polydora_serratuloides_type,polydora_serratuloides_type
polygala,polygala
polygala_type,polygala_type
polygalaceae,polygalaceae
polygalaceae_utricularia,polygalaceae_utricularia
polygonaceae,polygonaceae
polygonum,polygonum
polygonum_bellardii_type,polygonum_bellardii_type
polygonum_cf_persicaria_senegalensis,polygonum_cf_persicaria_senegalensis
polygonum_serrulatoides_type,polygonum_serrulatoides_type
polyscias,polyscias
polyscias_fulva,polyscias_fulva
polyscias_fulva_type,polyscias_fulva_type
polyscias_type,polyscias_type
portulaca,portulaca
portulacaceae,portulacaceae
potentilla_type,potentilla_type
poterium_sanguisorba,poterium_sanguisorba
pouteria,pouteria
pouteria_type,pouteria_type
premna,premna
premna_serratifolia_type,premna_serratifolia_type
primulaceae,primulaceae
primulaceae_undiff,primulaceae_undiff
priva,priva
priva_type,priva_type
prosopis,prosopis
prosopis_entada,prosopis_entada
prosopis_type_africana,prosopis_type_africana
protea,protea
protea_type,protea_type
proteaceae,proteaceae
proteaceae_type_ii,proteaceae_type_ii
proteaceae_type_iv,proteaceae_type_iv
protium_obtusifolium,protium_obtusifolium
protomegabaria_type,protomegabaria_type
prunus,prunus
prunus_africana,prunus_africana
prunus_africana_type,prunus_africana_type
prunus_type,prunus_type
pseuderanthemum,pseuderanthemum
pseudocedrela_kotschyi,pseudocedrela_kotschyi
pseudospondias,pseudospondias
pseudospondias_type,pseudospondias_type
psidium_cattleianum,psidium_cattleianum
psilotrichum_elliotii_type,psilotrichum_elliotii_type
psilotrichum_type,psilotrichum_type
psilotrichum_type_elliotii,psilotrichum_type_elliotii
psiloxylon_mauritianum,psiloxylon_mauritianum
psoralea,psoralea
psoralea_type,psoralea_type
psoraleeae,psoraleeae
psorospermum,psorospermum
psorospermum_febrifugum_type,psorospermum_febrifugum_type
psychotria,psychotria
psychotria_amboniana_type,psychotria_amboniana_type
psychotria_cyathicalyx_type,psychotria_cyathicalyx_type
psychotria_type,psychotria_type
psychotria_type_amboniana,psychotria_type_amboniana
psydrax,psydrax
psydrax_schimperiana_type,psydrax_schimperiana_type
psydrax_subcordata,psydrax_subcordata
psydrax_type_p_schimperiana,psydrax_type_p_schimperiana
psydrax_type_p_subcordata,psydrax_type_p_subcordata
psydrax_type_schimperiana,psydrax_type_schimperiana
psydrax_type_subcordata,psydrax_type_subcordata
pterocarpus,pterocarpus
pterocarpus_santalinoides,pterocarpus_santalinoides
pterocarpus_type,pterocarpus_type
pterocarpus_type_angolensis,pterocarpus_type_angolensis
pterocarpus_type_lucens,pterocarpus_type_lucens
pterodiscus,pterodiscus
pterolobium_stellatum,pterolobium_stellatum
pterygota,pterygota
pupalia_type,pupalia_type
pupalia_type_lappacea,pupalia_type_lappacea
pycnanthus,pycnanthus
pycnanthus_angolensis,pycnanthus_angolensis
pycnanthus_angolensis_type,pycnanthus_angolensis_type
quercus,quercus
quercus_canariensis,quercus_canariensis
quercus_canariensis_q_pyrenaica,quercus_canariensis_q_pyrenaica
quercus_cf_q_canariensis,quercus_cf_q_canariensis
quercus_cf_q_rotundifolia,quercus_cf_q_rotundifolia
quercus_coccifera,quercus_coccifera
quercus_deciduous_type,quercus_deciduous_type
quercus_evergreen_type,quercus_evergreen_type
quercus_faginea,quercus_faginea
quercus_ilex,quercus_ilex
quercus_ilex_q_coccifera,quercus_ilex_q_coccifera
quercus_ilex_type,quercus_ilex_type
quercus_robur_type,quercus_robur_type
quercus_suber,quercus_suber
quercus_suber_type,quercus_suber_type
randia,randia
ranunculaceae,ranunculaceae
ranunculaceae_undiff,ranunculaceae_undiff
ranunculus,ranunculus
ranunculus_acris_type_cf_r_sardous,ranunculus_acris_type_cf_r_sardous
ranunculus_stagnalis_type,ranunculus_stagnalis_type
ranunculus_type,ranunculus_type
rapanea,rapanea
rapanea_melanophloeos,rapanea_melanophloeos
rapanea_melanophloeos_type,rapanea_melanophloeos_type
raphia,raphia
raphia_type,raphia_type
raphia_vinifera,raphia_vinifera
raphiostylis,raphiostylis
rauvolfia,rauvolfia
ravenea_type,ravenea_type
reseda,reseda
reseda_type,reseda_type
resedaceae,resedaceae
resedaceae_undiff,resedaceae_undiff
restio,restio
restionaceae,restionaceae
restionaceae_undiff,restionaceae_undiff
rhamnaceae,rhamnaceae
rhamnaceae_undiff,rhamnaceae_undiff
rhamnus,rhamnus
rhamnus_type,rhamnus_type
rhamphicarpa,rhamphicarpa
rhanterium_type,rhanterium_type
rhaphiostylis,rhaphiostylis
rhizophora,rhizophora
rhoicissus,rhoicissus
rhus,rhus
rhus_coriaria_type,rhus_coriaria_type
rhus_longipes,rhus_longipes
rhus_rehmanniana_var_rehmanniana,rhus_rehmanniana_var_rehmanniana
rhus_type,rhus_type
rhus_type_vulgaris,rhus_type_vulgaris
rhus_undiff,rhus_undiff
rhynchosia,rhynchosia
rhynchosia_type,rhynchosia_type
rhynchosia_type_malacophylla,rhynchosia_type_malacophylla
ricinus,ricinus
ricinus_communis,ricinus_communis
rinorea,rinorea
rinorea_type,rinorea_type
ritchiea,ritchiea
rorippa_insularis_type,rorippa_insularis_type
rosa,rosa
rosaceae,rosaceae
rosaceae_undiff,rosaceae_undiff
rubia,rubia
rubia_type,rubia_type
rubia_type_cordifolia,rubia_type_cordifolia
rubiaceae,rubiaceae
rubiaceae_type,rubiaceae_type
rubiaceae_type_1,rubiaceae_type_1
rubiaceae_type_mauritius_type_121_de_boer,rubiaceae_type_mauritius_type_121_de_boer
rubiaceae_type_mauritius_type_164_de_boer,rubiaceae_type_mauritius_type_164_de_boer
rubiaceae_type_mauritius_type_67_de_boer,rubiaceae_type_mauritius_type_67_de_boer
rubiaceae_type_mauritius_type_70_de_boer,rubiaceae_type_mauritius_type_70_de_boer
rubiaceae_undiff,rubiaceae_undiff
rubus,rubus
rubus_pinnatus_type,rubus_pinnatus_type
rubus_type,rubus_type
ruellia,ruellia
rumex,rumex
ruschia,ruschia
ruschia_type,ruschia_type
rutaceae,rutaceae
rutaceae_big,rutaceae_big
rutaceae_undiff,rutaceae_undiff
ruttya_type,ruttya_type
rytigynia,rytigynia
saba,saba
sabicea,sabicea
sabicea_africana,sabicea_africana
sabicea_type_africana,sabicea_type_africana
sacoglottis_gabonensis,sacoglottis_gabonensis
salacia,salacia
salacia_senegalensis,salacia_senegalensis
salacia_type,salacia_type
salicaceae,salicaceae
salicaceae_undiff,salicaceae_undiff
salix,salix
salix_cf_s_ledermanii,salix_cf_s_ledermanii
salix_ledermanii_type,salix_ledermanii_type
salix_subserrata,salix_subserrata
salix_subserrata_type,salix_subserrata_type
salvadora,salvadora
salvadora_persica,salvadora_persica
salvadora_persica_type,salvadora_persica_type
salvadora_type_persica,salvadora_type_persica
salvadoraceae,salvadoraceae
sambucus,sambucus
sambucus_nigra,sambucus_nigra
sanguisorbineae,sanguisorbineae
sansevieria,sansevieria
santalaceae,santalaceae
santiria_trimera,santiria_trimera
santiria_type,santiria_type
santiria_type_trimera,santiria_type_trimera
sapindaceae,sapindaceae
sapindaceae_undiff,sapindaceae_undiff
sapium,sapium
sapium_type,sapium_type
sapotaceae,sapotaceae
sapotaceae_reticulated,sapotaceae_reticulated
sapotaceae_type,sapotaceae_type
sapotaceae_undiff,sapotaceae_undiff
satureja,satureja
saussurea,saussurea
sauvagesia_erecta,sauvagesia_erecta
saxifraga,saxifraga
saxifragaceae,saxifragaceae
saxifragaceae_undiff,saxifragaceae_undiff
scabiosa,scabiosa
scabiosa_type,scabiosa_type
schefflera,schefflera
schefflera_abyssinica_type,schefflera_abyssinica_type
schefflera_myriantha_type,schefflera_myriantha_type
schefflera_type,schefflera_type
schefflera_volkensii,schefflera_volkensii
schkuhria_type,schkuhria_type
schotia,schotia
schrebera,schrebera
sclerocarya,sclerocarya
sclerocarya_birrea_type,sclerocarya_birrea_type
sclerochiton,sclerochiton
sclerosperma,sclerosperma
scoparia_type,scoparia_type
scorodophloeus_zenkeri_type,scorodophloeus_zenkeri_type
scottellia_klaineana_type,scottellia_klaineana_type
scrophulariaceae,scrophulariaceae
scrophulariaceae_tricolpate,scrophulariaceae_tricolpate
scrophulariaceae_type,scrophulariaceae_type
scrophulariaceae_undiff,scrophulariaceae_undiff
scutia_type,scutia_type
searsia,searsia
searsia_natalensis,searsia_natalensis
searsia_type_s_natalensis,searsia_type_s_natalensis
searsia_type_s_tripartita,searsia_type_s_tripartita
sebaea,sebaea
sebaea_brachyphylla_type,sebaea_brachyphylla_type
securinega,securinega
securinega_type,securinega_type
securinega_type_s_virosa,securinega_type_s_virosa
securinega_virosa,securinega_virosa
securinega_virosa_type,securinega_virosa_type
selago,selago
selago_type,selago_type
senecio,senecio
senecio_hadiensis_type,senecio_hadiensis_type
senecio_johnstonianus_type,senecio_johnstonianus_type
senecio_type,senecio_type
senecioneae,senecioneae
senna,senna
senna_type_didymobotrya,senna_type_didymobotrya
senna_type_italica,senna_type_italica
sericocomopsis_type,sericocomopsis_type
sericostachys,sericostachys
sericostachys_scandens_type,sericostachys_scandens_type
sericostachys_type_s_scandens,sericostachys_type_s_scandens
sericostachys_type_scandens,sericostachys_type_scandens
seriphium_kilimandscharicum,seriphium_kilimandscharicum
seriphium_kilimandscharicum_type,seriphium_kilimandscharicum_type
sesamum,sesamum
sesbania,sesbania
sesbania_sesban,sesbania_sesban
sesbania_type_sesban,sesbania_type_sesban
sherbournia,sherbournia
shirakiopsis_elliptica,shirakiopsis_elliptica
shirakiopsis_elliptica_type,shirakiopsis_elliptica_type
shirakiopsis_type_elliptica,shirakiopsis_type_elliptica
shirakiopsis_type_s_elliptica,shirakiopsis_type_s_elliptica
sida,sida
sida_type,sida_type
sideritis_type,sideritis_type
sideroxylon,sideroxylon
sideroxylon_cf_s_grandiflorum,sideroxylon_cf_s_grandiflorum
sideroxylon_cf_s_sessiliflorum,sideroxylon_cf_s_sessiliflorum
sideroxylon_type,sideroxylon_type
sideroxylon_type_oxyacanthum,sideroxylon_type_oxyacanthum
sieruela_rutidosperma_type,sieruela_rutidosperma_type
silene,silene
silene_burchellii_type,silene_burchellii_type
silene_type,silene_type
silene_type_burchellii,silene_type_burchellii
silene_type_s_burchellii,silene_type_s_burchellii
silene_uebelinia_type,silene_uebelinia_type
simaroubaceae,simaroubaceae
smithia_elliotii_type,smithia_elliotii_type
solanaceae,solanaceae
solanaceae_type,solanaceae_type
solanaceae_undiff,solanaceae_undiff
solanecio_mannii_type,solanecio_mannii_type
solanecio_type_mannii,solanecio_type_mannii
solanecio_type_s_mannii,solanecio_type_s_mannii
solanum,solanum
solanum_type,solanum_type
solanum_type_nigrum,solanum_type_nigrum
sorindeia,sorindeia
sorindeia_type,sorindeia_type
sorindeia_type_juglandifolia,sorindeia_type_juglandifolia
sorindeia_type_madagascariensis,sorindeia_type_madagascariensis
sorindeia_type_s_juglandifolia,sorindeia_type_s_juglandifolia
sparrmannia,sparrmannia
spathodea,spathodea
spenocleaceae_30mu_m,spenocleaceae_30mu_m
spermacoce,spermacoce
spermacoce_chaetocephala,spermacoce_chaetocephala
spermacoce_radiata,spermacoce_radiata
spermacoce_radiata_type,spermacoce_radiata_type
spermacoce_type,spermacoce_type
spermacoce_type_radiata,spermacoce_type_radiata
spermacoce_type_undiff,spermacoce_type_undiff
sphenoclea,sphenoclea
spirostachys,spirostachys
staavia,staavia
stachyothyrsus,stachyothyrsus
stachys,stachys
stachys_type,stachys_type
staurogyne,staurogyne
stellaria_mannii_type,stellaria_mannii_type
stemodia,stemodia
stemodia_serrata,stemodia_serrata
stemodia_serrata_type,stemodia_serrata_type
stephania,stephania
stephania_abyssinica_type,stephania_abyssinica_type
stephania_type,stephania_type
stephania_type_abyssinica,stephania_type_abyssinica
stephania_type_s_abyssinica,stephania_type_s_abyssinica
sterculia,sterculia
sterculia_type,sterculia_type
sterculioideae,sterculioideae
stereospermum,stereospermum
stoebe,stoebe
stoebe_type,stoebe_type
streptocarpus,streptocarpus
striga,striga
striga_type,striga_type
striga_type_hermonthica,striga_type_hermonthica
strombosia,strombosia
strombosia_scheffleri_type,strombosia_scheffleri_type
strombosia_type,strombosia_type
strychnos,strychnos
strychnos_type,strychnos_type
stylosanthes_fruticosa,stylosanthes_fruticosa
stylosanthes_type,stylosanthes_type
suaeda,suaeda
suaeda_monoica_type,suaeda_monoica_type
suaeda_type,suaeda_type
suaeda_type_monoica,suaeda_type_monoica
subularia,subularia
subularia_type_monticola,subularia_type_monticola
sutera,sutera
swertia,swertia
swertia_lastii_type,swertia_lastii_type
swertia_type,swertia_type
swertia_type_abyssinica,swertia_type_abyssinica
swertia_type_kilimandscharica,swertia_type_kilimandscharica
swertia_type_s_abyssinica,swertia_type_s_abyssinica
swertia_type_s_kilimandscharica,swertia_type_s_kilimandscharica
swertia_usambarensis_type,swertia_usambarensis_type
symphonia,symphonia
symphonia_globulifera,symphonia_globulifera
symphytum,symphytum
syncolostemon_bracteosus,syncolostemon_bracteosus
syncolostemon_bracteosus_type,syncolostemon_bracteosus_type
syzygium,syzygium
syzygium_guineense,syzygium_guineense
syzygium_micropodum,syzygium_micropodum
syzygium_type,syzygium_type
syzygium_type_guineense,syzygium_type_guineense
syzygium_type_staudtii,syzygium_type_staudtii
tabernaemontana,tabernaemontana
tabernaemontana_type,tabernaemontana_type
tacazzea_apiculata,tacazzea_apiculata
tacazzea_apiculata_type,tacazzea_apiculata_type
tacazzea_type,tacazzea_type
tacazzea_type_apiculata,tacazzea_type_apiculata
tacazzea_type_t_apiculata,tacazzea_type_t_apiculata
tacca,tacca
talinum,talinum
talipariti_tiliaceum,talipariti_tiliaceum
tamaricaceae,tamaricaceae
tamarindus,tamarindus
tamarindus_type_indica,tamarindus_type_indica
tamarindus_type_t_indica,tamarindus_type_t_indica
tamarix,tamarix
tamarix_senegalensis,tamarix_senegalensis
tambourissa_purpurea_type,tambourissa_purpurea_type
tapinanthus,tapinanthus
tapinanthus_type,tapinanthus_type
tapura,tapura
tapura_fischeri,tapura_fischeri
tapura_fischeri_type,tapura_fischeri_type
tarchonantheae,tarchonantheae
tarchonanthus,tarchonanthus
tarchonanthus_camphoratus,tarchonanthus_camphoratus
tarchonanthus_type_camphoratus,tarchonanthus_type_camphoratus
tarenna,tarenna
tarenna_type,tarenna_type
taxus,taxus
taxus_baccata,taxus_baccata
teclea,teclea
teclea_type,teclea_type
tecoma_type,tecoma_type
tectona_grandis,tectona_grandis
telephium,telephium
tephrosia,tephrosia
tephrosia_type,tephrosia_type
tephrosia_type_uniflora,tephrosia_type_uniflora
tephrosia_uniflora_type,tephrosia_uniflora_type
terminalia,terminalia
terminalia_benzoin,terminalia_benzoin
tetracera,tetracera
tetracera_alnifolia,tetracera_alnifolia
tetracera_alnifolia_type,tetracera_alnifolia_type
tetracera_type,tetracera_type
tetraena_simplex_type,tetraena_simplex_type
tetrapleura,tetrapleura
tetrapleura_tetraptera_type,tetrapleura_tetraptera_type
tetrorchidium,tetrorchidium
teucrium,teucrium
thalictrum,thalictrum
thalictrum_type,thalictrum_type
theaceae,theaceae
thecacoris,thecacoris
thecacoris_type,thecacoris_type
thesium,thesium
thunbergia,thunbergia
thymelaeaceae,thymelaeaceae
thymelaeaceae_undiff,thymelaeaceae_undiff
tilia,tilia
tiliacora,tiliacora
tiliacora_funifera_type,tiliacora_funifera_type
tiliacora_type,tiliacora_type
tilioideae,tilioideae
tilioideae_undiff,tilioideae_undiff
tinnea,tinnea
tinospora_bakis,tinospora_bakis
tinospora_type,tinospora_type
toddalia,toddalia
toddalia_asiatica,toddalia_asiatica
toddalia_asiatica_type,toddalia_asiatica_type
toddalia_type_asiatica,toddalia_type_asiatica
toddalia_type_t_asiatica,toddalia_type_t_asiatica
torilis_arvensis,torilis_arvensis
torilis_type,torilis_type
tragia,tragia
tragia_type,tragia_type
tragia_type_hildebrandtii,tragia_type_hildebrandtii
treculia,treculia
treculia_africana,treculia_africana
treculia_type_africana,treculia_type_africana
trema,trema
trema_orientalis,trema_orientalis
trema_orientalis_type,trema_orientalis_type
trema_type_orientalis,trema_type_orientalis
trema_type_t_orientalis,trema_type_t_orientalis
trianthema_type,trianthema_type
tribulus,tribulus
tricalysia,tricalysia
trichilia,trichilia
trichilia_type,trichilia_type
trichocladus,trichocladus
trichocladus_ellipticus,trichocladus_ellipticus
trichocladus_ellipticus_type,trichocladus_ellipticus_type
trichocladus_type,trichocladus_type
trichodesma,trichodesma
trichoscypha,trichoscypha
trichoscypha_type,trichoscypha_type
trichoscypha_type_arborea,trichoscypha_type_arborea
trifolium,trifolium
trifolium_type,trifolium_type
trifolium_type_acaule,trifolium_type_acaule
trilepisium,trilepisium
trilepisium_madagascariense,trilepisium_madagascariense
trilepisium_madagascariense_type,trilepisium_madagascariense_type
trilepisium_type_madagascariense,trilepisium_type_madagascariense
trilepisium_type_t_madagascariense,trilepisium_type_t_madagascariense
triplochiton_scleroxylon,triplochiton_scleroxylon
triplochiton_scleroxylon_type,triplochiton_scleroxylon_type
triplochiton_type,triplochiton_type
triumfetta,triumfetta
triumfetta_type,triumfetta_type
trochetia_mauritius_type_146_de_boer,trochetia_mauritius_type_146_de_boer
trochetia_mauritius_type_174_de_boer,trochetia_mauritius_type_174_de_boer
trymatococcus,trymatococcus
tulbaghia_type,tulbaghia_type
uapaca,uapaca
uapaca_guineensis_type,uapaca_guineensis_type
uapaca_heudelotii,uapaca_heudelotii
uapaca_kirkiana,uapaca_kirkiana
uapaca_kirkiana_type,uapaca_kirkiana_type
uapaca_mole_type,uapaca_mole_type
uapaca_nitida,uapaca_nitida
uapaca_nitida_type,uapaca_nitida_type
uapaca_staudtii,uapaca_staudtii
uapaca_undiff,uapaca_undiff
uebelinia_abyssinica_type,uebelinia_abyssinica_type
uebelinia_type,uebelinia_type
uebelinia_type_u_abyssinica,uebelinia_type_u_abyssinica
ulex_type,ulex_type
ulmaceae,ulmaceae
ulmus,ulmus
uncaria_africana,uncaria_africana
uncaria_type_africana,uncaria_type_africana
uncaria_type_u_africana,uncaria_type_u_africana
uncinia,uncinia
urginea,urginea
urgineeae,urgineeae
urtica,urtica
urtica_type,urtica_type
urticaceae,urticaceae
urticaceae_moraceae,urticaceae_moraceae
urticaceae_moraceae_undiff,urticaceae_moraceae_undiff
urticaceae_undiff,urticaceae_undiff
vahlia,vahlia
vahlia_type,vahlia_type
valeriana,valeriana
valerianella,valerianella
valerianoideae,valerianoideae
vangueria,vangueria
vangueria_madagascariensis_type,vangueria_madagascariensis_type
vangueria_type,vangueria_type
vangueria_type_madagascariensis,vangueria_type_madagascariensis
vangueria_type_v_madagascariensis_var_madagascariensis,vangueria_type_v_madagascariensis_var_madagascariensis
vatovaea,vatovaea
vatovaea_type_pseudolablab,vatovaea_type_pseudolablab
vepris,vepris
vepris_nobilis,vepris_nobilis
vepris_type,vepris_type
vepris_type_dainellii,vepris_type_dainellii
vepris_type_nobilis,vepris_type_nobilis
vepris_type_v_nobilis,vepris_type_v_nobilis
verbenaceae,verbenaceae
verbenaceae_undiff,verbenaceae_undiff
vernonia,vernonia
vernonia_schimperi,vernonia_schimperi
vernonia_type,vernonia_type
vernonieae,vernonieae
vernonieae_undiff,vernonieae_undiff
veronica,veronica
viburnum,viburnum
vicia,vicia
vicia_type,vicia_type
vigna,vigna
vigna_luteola_type,vigna_luteola_type
vigna_type,vigna_type
virectaria,virectaria
virectaria_major_type,virectaria_major_type
vismia,vismia
vismia_guineensis_type,vismia_guineensis_type
vitaceae,vitaceae
vitaceae_undiff,vitaceae_undiff
vitellaria,vitellaria
vitellaria_type_paradoxa,vitellaria_type_paradoxa
vitellaria_type_v_paradoxa,vitellaria_type_v_paradoxa
vitex,vitex
vitex_doniana,vitex_doniana
vitex_type,vitex_type
vitis,vitis
voacanga,voacanga
volkensinia_prostrata,volkensinia_prostrata
wahlenbergia,wahlenbergia
wahlenbergia_type,wahlenbergia_type
waltheria,waltheria
waltheria_type,waltheria_type
watsonia,watsonia
weinmannia,weinmannia
welwitschia_mirabilis,welwitschia_mirabilis
widdringtonia,widdringtonia
withania_type_w_somnifera,withania_type_w_somnifera
xanthium,xanthium
xanthium_type,xanthium_type
ximenia,ximenia
ximenia_americana,ximenia_americana
xylia_type,xylia_type
xymalos,xymalos
xyris,xyris
xyris_type,xyris_type
zacateza_pedicellata_type,zacateza_pedicellata_type
zaleya_type,zaleya_type
zanha,zanha
zanha_golungensis_type,zanha_golungensis_type
zanha_type_golungensis,zanha_type_golungensis
zanthoxylum,zanthoxylum
zanthoxylum_chalybeum_type,zanthoxylum_chalybeum_type
zanthoxylum_gilletii,zanthoxylum_gilletii
zanthoxylum_type,zanthoxylum_type
zanthoxylum_type_chalybeum,zanthoxylum_type_chalybeum
zanthoxylum_type_gilletii,zanthoxylum_type_gilletii
zanthoxylum_type_usambarense,zanthoxylum_type_usambarense
zanthoxylum_type_z_gilletii,zanthoxylum_type_z_gilletii
zanthoxylum_type_z_usambarense,zanthoxylum_type_z_usambarense
zanthoxylum_undiff,zanthoxylum_undiff
zanthoxylum_usambarense,zanthoxylum_usambarense
zanthoxylum_usambarense_type,zanthoxylum_usambarense_type
zanthoxylum_zanthoxyloides,zanthoxylum_zanthoxyloides
zea_mays,zea_mays
zea_type,zea_type
ziziphus,ziziphus
ziziphus_type,ziziphus_type
zornia,zornia
zygophyllaceae,zygophyllaceae
zygophyllum,zygophyllum
