taxon_name,level_1
abies,abies
abies_alba,abies_alba
abies_undiff,abies_undiff
acacia,acacia
acanthus,acanthus
acanthus_type,acanthus_type
acer,acer
acer_campestre,acer_campestre
acer_campestre_type,acer_campestre_type
acer_negundo,acer_negundo
acer_negundo_type,acer_negundo_type
acer_platanoides,acer_platanoides
acer_type,acer_type
acer_undiff,acer_undiff
achillea,achillea
achillea_anthemis_type,achillea_anthemis_type
achillea_type,achillea_type
aconitum,aconitum
aconitum_group,aconitum_group
aconitum_lycoctonum_subsp_septentrionale,aconitum_lycoctonum_subsp_septentrionale
aconitum_napellus_type,aconitum_napellus_type
aconitum_type,aconitum_type
acorus,acorus
actaea_spicata,actaea_spicata
adenostyles,adenostyles
adenostyles_alliariae,adenostyles_alliariae
adonis,adonis
adonis_aestivalis,adonis_aestivalis
adonis_aestivalis_type,adonis_aestivalis_type
adonis_annua_type,adonis_annua_type
adonis_type,adonis_type
adoxa_moschatellina,adoxa_moschatellina
aegopodium_podagraria,aegopodium_podagraria
aesculus,aesculus
aesculus_hippocastanum,aesculus_hippocastanum
aesculus_type,aesculus_type
aethusa,aethusa
aethusa_cynapium,aethusa_cynapium
aethusa_cynapium_type,aethusa_cynapium_type
aethusa_type,aethusa_type
agrimonia,agrimonia
agrimonia_eupatoria,agrimonia_eupatoria
agrimonia_eupatoria_type,agrimonia_eupatoria_type
agrimonia_type,agrimonia_type
agropyron_type,agropyron_type
agrostemma,agrostemma
agrostemma_githago,agrostemma_githago
agrostemma_type,agrostemma_type
ailanthus,ailanthus
ailanthus_altissima,ailanthus_altissima
aizoaceae,aizoaceae
ajuga,ajuga
alchemilla,alchemilla
alchemilla_aphanes,alchemilla_aphanes
alchemilla_cf_a_glabra,alchemilla_cf_a_glabra
alchemilla_group,alchemilla_group
alchemilla_pentaphyllea,alchemilla_pentaphyllea
alchemilla_pentaphyllea_type,alchemilla_pentaphyllea_type
alchemilla_type,alchemilla_type
alkanna,alkanna
allium,allium
allium_suaveolens,allium_suaveolens
allium_type,allium_type
allium_ursinum,allium_ursinum
allium_ursinum_type,allium_ursinum_type
allium_vineale_type,allium_vineale_type
alnus,alnus
alnus_cf_a_glutinosa,alnus_cf_a_glutinosa
alnus_cf_a_suaveolens,alnus_cf_a_suaveolens
alnus_cf_a_viridis,alnus_cf_a_viridis
alnus_corroded,alnus_corroded
alnus_glutinosa,alnus_glutinosa
alnus_glutinosa_a_incana,alnus_glutinosa_a_incana
alnus_glutinosa_type,alnus_glutinosa_type
alnus_incana,alnus_incana
alnus_incana_type,alnus_incana_type
alnus_shrub_pale_shallow_pores,alnus_shrub_pale_shallow_pores
alnus_sp,alnus_sp
alnus_subg_alnobetula,alnus_subg_alnobetula
alnus_tree_robust_deep_pores,alnus_tree_robust_deep_pores
alnus_undiff,alnus_undiff
alnus_viridis,alnus_viridis
alnus_viridis_subsp_suaveolens,alnus_viridis_subsp_suaveolens
alnus_viridis_type,alnus_viridis_type
althaea_officinalis,althaea_officinalis
amaranthaceae,amaranthaceae
amaranthaceae_small,amaranthaceae_small
amaranthaceae_type,amaranthaceae_type
amaranthaceae_undiff,amaranthaceae_undiff
amaranthus,amaranthus
amaryllidaceae,amaryllidaceae
ambrosia,ambrosia
ambrosia_type,ambrosia_type
ambrosia_xanthium,ambrosia_xanthium
ammi,ammi
ammi_type,ammi_type
amygdaloideae,amygdaloideae
anagallis,anagallis
anagallis_arvensis,anagallis_arvensis
anagallis_arvensis_type,anagallis_arvensis_type
anagallis_cf_a_arvensis,anagallis_cf_a_arvensis
anagallis_cf_a_tenella,anagallis_cf_a_tenella
anagallis_tenella,anagallis_tenella
anagallis_tenella_type,anagallis_tenella_type
anagallis_type,anagallis_type
anarrhinum,anarrhinum
anchusa,anchusa
anchusa_azurea,anchusa_azurea
anchusa_azurea_type,anchusa_azurea_type
anchusa_type,anchusa_type
andromeda,andromeda
andromeda_polifolia,andromeda_polifolia
andromeda_type,andromeda_type
andropogon,andropogon
androsace,androsace
androsace_alpina_type,androsace_alpina_type
androsace_elongata_type,androsace_elongata_type
androsace_type,androsace_type
anemone,anemone
anemone_alpina,anemone_alpina
anemone_hortensis_type,anemone_hortensis_type
anemone_montana,anemone_montana
anemone_nemorosa,anemone_nemorosa
anemone_nemorosa_a_ranunculoides,anemone_nemorosa_a_ranunculoides
anemone_nemorosa_group,anemone_nemorosa_group
anemone_nemorosa_type,anemone_nemorosa_type
anemone_pulsatilla,anemone_pulsatilla
anemone_pulsatilla_group,anemone_pulsatilla_group
anemone_pulsatilla_type,anemone_pulsatilla_type
anemone_sect_hepatica,anemone_sect_hepatica
anemone_sect_hepatica_type,anemone_sect_hepatica_type
anemone_sect_pulsatilla,anemone_sect_pulsatilla
anemone_sect_pulsatilla_type,anemone_sect_pulsatilla_type
anemone_subg_anemone,anemone_subg_anemone
anemone_subg_anemone_type,anemone_subg_anemone_type
anemone_type,anemone_type
anethum_graveolens,anethum_graveolens
anethum_type,anethum_type
angelica,angelica
angelica_archangelica,angelica_archangelica
angelica_archangelica_type,angelica_archangelica_type
angelica_palustris,angelica_palustris
angelica_palustris_type,angelica_palustris_type
angelica_sylvestris,angelica_sylvestris
angelica_sylvestris_group,angelica_sylvestris_group
angelica_sylvestris_type,angelica_sylvestris_type
angelica_type,angelica_type
angiospermae_undiff_herbs,angiospermae_undiff_herbs
antennaria_type,antennaria_type
anthemideae,anthemideae
anthemis,anthemis
anthemis_arvensis_type,anthemis_arvensis_type
anthemis_type,anthemis_type
anthemis_type_small,anthemis_type_small
anthericum,anthericum
anthericum_liliago,anthericum_liliago
anthericum_type,anthericum_type
anthriscus,anthriscus
anthriscus_caucalis,anthriscus_caucalis
anthriscus_caucalis_type,anthriscus_caucalis_type
anthriscus_cerefolium,anthriscus_cerefolium
anthriscus_nitida_a_sylvestris,anthriscus_nitida_a_sylvestris
anthriscus_sylvestris,anthriscus_sylvestris
anthriscus_sylvestris_type,anthriscus_sylvestris_type
anthriscus_type,anthriscus_type
anthyllis,anthyllis
anthyllis_type,anthyllis_type
anthyllis_vulneraria,anthyllis_vulneraria
aphanes,aphanes
aphanes_arvensis,aphanes_arvensis
aphanes_arvensis_type,aphanes_arvensis_type
aphanes_type,aphanes_type
apiaceae,apiaceae
apiaceae_apiculate,apiaceae_apiculate
apiaceae_cf_pleurospermum,apiaceae_cf_pleurospermum
apiaceae_indet,apiaceae_indet
apiaceae_large,apiaceae_large
apiaceae_medium,apiaceae_medium
apiaceae_small,apiaceae_small
apiaceae_type,apiaceae_type
apiaceae_type_2,apiaceae_type_2
apiaceae_undiff,apiaceae_undiff
apium,apium
apium_graveolens,apium_graveolens
apium_inundatum_type,apium_inundatum_type
apium_nodiflorum,apium_nodiflorum
apium_type,apium_type
aquilegia,aquilegia
aquilegia_type,aquilegia_type
araliaceae_undiff,araliaceae_undiff
arbutus,arbutus
arbutus_unedo,arbutus_unedo
arceuthobium,arceuthobium
arceuthobium_oxycedri,arceuthobium_oxycedri
arctium,arctium
arctium_jurinea,arctium_jurinea
arctium_lappa,arctium_lappa
arctium_lappa_type,arctium_lappa_type
arctium_type,arctium_type
arctostaphylos,arctostaphylos
arctostaphylos_uva_minus_ursi,arctostaphylos_uva_minus_ursi
arctostaphylos_uva_minus_ursi_type,arctostaphylos_uva_minus_ursi_type
arctous_alpina,arctous_alpina
arenaria,arenaria
arenaria_serpyllifolia_type,arenaria_serpyllifolia_type
arenaria_type,arenaria_type
aristolochia,aristolochia
armeria,armeria
armeria_alliacea,armeria_alliacea
armeria_limonium,armeria_limonium
armeria_maritima,armeria_maritima
armeria_maritima_subsp_elongata,armeria_maritima_subsp_elongata
armeria_maritima_type,armeria_maritima_type
armeria_maritima_type_a,armeria_maritima_type_a
armeria_maritima_type_b,armeria_maritima_type_b
armeria_type,armeria_type
armeria_type_a,armeria_type_a
armeria_type_b,armeria_type_b
arnica,arnica
arnica_montana,arnica_montana
arnica_taraxacum_type,arnica_taraxacum_type
arnica_type,arnica_type
arnoseris,arnoseris
arnoseris_minima,arnoseris_minima
artemisia,artemisia
artemisia_alba_type,artemisia_alba_type
artemisia_campestris_type,artemisia_campestris_type
artemisia_cf_a_norvegica,artemisia_cf_a_norvegica
artemisia_herba_minus_alba_type,artemisia_herba_minus_alba_type
artemisia_norvegica,artemisia_norvegica
artemisia_norvegica_type,artemisia_norvegica_type
artemisia_sensu_lato,artemisia_sensu_lato
artemisia_sensu_stricto,artemisia_sensu_stricto
artemisia_sp,artemisia_sp
artemisia_type,artemisia_type
artemisia_type_b,artemisia_type_b
artemisia_undiff,artemisia_undiff
artemisia_vulgaris_type,artemisia_vulgaris_type
arum,arum
arum_acorus,arum_acorus
aruncus,aruncus
aruncus_dioicus,aruncus_dioicus
aruncus_type,aruncus_type
asarum_europaeum,asarum_europaeum
asparagus,asparagus
asparagus_acutifolius,asparagus_acutifolius
asparagus_type,asparagus_type
asperula,asperula
asphodeline,asphodeline
asphodelus,asphodelus
asphodelus_albus,asphodelus_albus
asphodelus_albus_type,asphodelus_albus_type
asphodelus_asphodeline,asphodelus_asphodeline
asphodelus_fistulosus,asphodelus_fistulosus
asphodelus_fistulosus_type,asphodelus_fistulosus_type
asphodelus_luteus,asphodelus_luteus
asphodelus_type,asphodelus_type
aster,aster
aster_achillea,aster_achillea
aster_achillea_type,aster_achillea_type
aster_type,aster_type
asteraceae,asteraceae
asteraceae_undiff,asteraceae_undiff
asteraceae_undiff_type_2,asteraceae_undiff_type_2
asteroideae,asteroideae
asteroideae_pro_parte,asteroideae_pro_parte
asteroideae_type,asteroideae_type
asteroideae_undiff,asteroideae_undiff
astragalus,astragalus
astragalus_alpinus,astragalus_alpinus
astragalus_alpinus_type,astragalus_alpinus_type
astragalus_cf_a_alpinus,astragalus_cf_a_alpinus
astragalus_cf_a_glycyphyllos,astragalus_cf_a_glycyphyllos
astragalus_danicus,astragalus_danicus
astragalus_danicus_type,astragalus_danicus_type
astragalus_depressus,astragalus_depressus
astragalus_frigidus,astragalus_frigidus
astragalus_frigidus_type,astragalus_frigidus_type
astragalus_ononis_type,astragalus_ononis_type
astragalus_oxytropis,astragalus_oxytropis
astragalus_oxytropis_type,astragalus_oxytropis_type
astragalus_type,astragalus_type
astrantia,astrantia
astrantia_major,astrantia_major
astrantia_major_type,astrantia_major_type
astrantia_type,astrantia_type
athamanta_cretensis,athamanta_cretensis
atractylis,atractylis
atriplex,atriplex
atriplex_sp,atriplex_sp
atriplex_type,atriplex_type
atropa_belladonna,atropa_belladonna
atropa_type,atropa_type
avena,avena
avena_sativa,avena_sativa
avena_triticum,avena_triticum
avena_triticum_group,avena_triticum_group
avena_triticum_type,avena_triticum_type
avena_type,avena_type
ballota,ballota
ballota_group,ballota_group
ballota_nigra_type,ballota_nigra_type
ballota_type,ballota_type
balsaminaceae,balsaminaceae
bambusa_type,bambusa_type
barbarea_type,barbarea_type
bartsia,bartsia
bartsia_type,bartsia_type
bellidiastrum_type,bellidiastrum_type
bellis,bellis
bellis_type,bellis_type
berberidaceae,berberidaceae
berberis,berberis
berberis_type,berberis_type
berberis_vulgaris,berberis_vulgaris
berula_erecta,berula_erecta
berula_erecta_type,berula_erecta_type
berula_type,berula_type
betula,betula
betula_alnus_corylus_myrica_type_114_hd_v,betula_alnus_corylus_myrica_type_114_hd_v
betula_carpinus,betula_carpinus
betula_cf_b_nana,betula_cf_b_nana
betula_corroded,betula_corroded
betula_corylus,betula_corylus
betula_corylus_myrica,betula_corylus_myrica
betula_excluding_b_nana,betula_excluding_b_nana
betula_fruticosa,betula_fruticosa
betula_humilis,betula_humilis
betula_hybrid,betula_hybrid
betula_nana,betula_nana
betula_nana_type,betula_nana_type
betula_pendula,betula_pendula
betula_pendula_b_pubescens,betula_pendula_b_pubescens
betula_pubescens,betula_pubescens
betula_pubescens_type,betula_pubescens_type
betula_pubescens_var_pumila_type,betula_pubescens_var_pumila_type
betula_sect_apterocaryon,betula_sect_apterocaryon
betula_sect_betula,betula_sect_betula
betula_tree,betula_tree
betula_undiff,betula_undiff
betulaceae,betulaceae
bidens,bidens
bidens_type,bidens_type
bistorta,bistorta
bistorta_officinalis,bistorta_officinalis
bistorta_officinalis_b_vivipara,bistorta_officinalis_b_vivipara
bistorta_officinalis_type,bistorta_officinalis_type
bistorta_vivipara,bistorta_vivipara
bistorta_vivipara_type,bistorta_vivipara_type
bituminaria_bituminosa,bituminaria_bituminosa
blackstonia,blackstonia
blackstonia_perfoliata_type,blackstonia_perfoliata_type
boraginaceae,boraginaceae
boraginaceae_undiff,boraginaceae_undiff
borago,borago
borago_officinalis,borago_officinalis
brassica,brassica
brassica_type,brassica_type
brassicaceae,brassicaceae
brassicaceae_indet,brassicaceae_indet
brassicaceae_type,brassicaceae_type
brassicaceae_undiff,brassicaceae_undiff
bromus,bromus
bruckenthalia,bruckenthalia
bruckenthalia_type,bruckenthalia_type
bryonia,bryonia
bryonia_cretica,bryonia_cretica
bryonia_dioica,bryonia_dioica
buglossoides_arvensis,buglossoides_arvensis
bunium_type,bunium_type
buphthalmum,buphthalmum
bupleurum,bupleurum
bupleurum_falcatum_type,bupleurum_falcatum_type
bupleurum_ranunculoides,bupleurum_ranunculoides
bupleurum_rigidum_type,bupleurum_rigidum_type
bupleurum_type,bupleurum_type
buxus,buxus
buxus_sempervirens,buxus_sempervirens
calceolaria,calceolaria
calendula,calendula
calicotome,calicotome
calligonum,calligonum
calluna,calluna
calluna_vulgaris,calluna_vulgaris
calluna_vulgaris_type,calluna_vulgaris_type
caltha_type,caltha_type
calystegia,calystegia
calystegia_sepium,calystegia_sepium
calystegia_sepium_type,calystegia_sepium_type
calystegia_type,calystegia_type
campanula,campanula
campanula_jasione,campanula_jasione
campanula_medium,campanula_medium
campanula_rapunculoides,campanula_rapunculoides
campanula_rotundifolia,campanula_rotundifolia
campanula_rotundifolia_type,campanula_rotundifolia_type
campanula_trachelium_type,campanula_trachelium_type
campanula_type,campanula_type
campanulaceae,campanulaceae
campanulaceae_undiff,campanulaceae_undiff
cannabaceae,cannabaceae
cannabaceae_cf_cannabis_sativa,cannabaceae_cf_cannabis_sativa
cannabaceae_sensu_stricto,cannabaceae_sensu_stricto
cannabaceae_type,cannabaceae_type
cannabaceae_undiff,cannabaceae_undiff
cannabis,cannabis
cannabis_sativa,cannabis_sativa
cannabis_sativa_type,cannabis_sativa_type
cannabis_type,cannabis_type
caprifoliaceae,caprifoliaceae
caprifoliaceae_undiff,caprifoliaceae_undiff
capsella,capsella
capsella_type,capsella_type
cardamine,cardamine
cardamine_pratensis_type,cardamine_pratensis_type
cardamine_type,cardamine_type
cardueae,cardueae
cardueae_type,cardueae_type
carduoideae,carduoideae
carduus,carduus
carduus_type,carduus_type
carex,carex
carex_hirta_type,carex_hirta_type
carex_type,carex_type
carlina,carlina
carlina_type,carlina_type
carpinus,carpinus
carpinus_betulus,carpinus_betulus
carpinus_betulus_type,carpinus_betulus_type
carpinus_corroded,carpinus_corroded
carpinus_orientalis,carpinus_orientalis
carpinus_orientalis_type,carpinus_orientalis_type
carpinus_type,carpinus_type
carthamus,carthamus
carthamus_type,carthamus_type
carum,carum
carum_carvi,carum_carvi
carum_carvi_type,carum_carvi_type
carum_type,carum_type
carum_verticillatum,carum_verticillatum
carya,carya
carya_glabra_type,carya_glabra_type
carya_tomentosa_type,carya_tomentosa_type
carya_type,carya_type
caryophyllaceae,caryophyllaceae
caryophyllaceae_cf_silene_latifolia_subsp_alba,caryophyllaceae_cf_silene_latifolia_subsp_alba
caryophyllaceae_indet,caryophyllaceae_indet
caryophyllaceae_large,caryophyllaceae_large
caryophyllaceae_periporate_excluding_paronychioideae,caryophyllaceae_periporate_excluding_paronychioideae
caryophyllaceae_porate,caryophyllaceae_porate
caryophyllaceae_pro_parte,caryophyllaceae_pro_parte
caryophyllaceae_small,caryophyllaceae_small
caryophyllaceae_undiff,caryophyllaceae_undiff
cassiope_type,cassiope_type
castanea,castanea
castanea_sativa,castanea_sativa
castanea_type,castanea_type
caucalis_platycarpos,caucalis_platycarpos
cedrus,cedrus
cedrus_type,cedrus_type
celastraceae,celastraceae
celtis,celtis
celtis_australis,celtis_australis
centaurea,centaurea
centaurea_aspera_type,centaurea_aspera_type
centaurea_cf_c_cyanus,centaurea_cf_c_cyanus
centaurea_cf_c_cyanus_type,centaurea_cf_c_cyanus_type
centaurea_cf_c_kotschyana,centaurea_cf_c_kotschyana
centaurea_cf_c_nigra_type,centaurea_cf_c_nigra_type
centaurea_cf_c_scabiosa_type,centaurea_cf_c_scabiosa_type
centaurea_collina,centaurea_collina
centaurea_collina_type,centaurea_collina_type
centaurea_cyanus,centaurea_cyanus
centaurea_cyanus_type,centaurea_cyanus_type
centaurea_depressa_type,centaurea_depressa_type
centaurea_jacea,centaurea_jacea
centaurea_jacea_c_nigra_type,centaurea_jacea_c_nigra_type
centaurea_jacea_c_scabiosa_type,centaurea_jacea_c_scabiosa_type
centaurea_jacea_type,centaurea_jacea_type
centaurea_montana,centaurea_montana
centaurea_montana_cyanus_triumfettii,centaurea_montana_cyanus_triumfettii
centaurea_montana_type,centaurea_montana_type
centaurea_nigra,centaurea_nigra
centaurea_nigra_type,centaurea_nigra_type
centaurea_nigra_type_sensu_lato,centaurea_nigra_type_sensu_lato
centaurea_pro_parte,centaurea_pro_parte
centaurea_scabiosa,centaurea_scabiosa
centaurea_scabiosa_type,centaurea_scabiosa_type
centaurea_sinaica,centaurea_sinaica
centaurea_solstitialis,centaurea_solstitialis
centaurea_solstitialis_type,centaurea_solstitialis_type
centaurea_sp,centaurea_sp
centaurea_stoebe,centaurea_stoebe
centaurea_stoebe_type,centaurea_stoebe_type
centaurea_type,centaurea_type
centaurea_undiff,centaurea_undiff
centaurium,centaurium
centaurium_erythraea,centaurium_erythraea
centaurium_pulchellum,centaurium_pulchellum
centaurium_pulchellum_type,centaurium_pulchellum_type
centaurium_type,centaurium_type
centranthus,centranthus
cephalanthera_sp,cephalanthera_sp
cephalanthus,cephalanthus
cerastium,cerastium
cerastium_alpinum_type,cerastium_alpinum_type
cerastium_arvense,cerastium_arvense
cerastium_arvense_type,cerastium_arvense_type
cerastium_cerastoides_type,cerastium_cerastoides_type
cerastium_cf_c_arvense,cerastium_cf_c_arvense
cerastium_fontanum,cerastium_fontanum
cerastium_fontanum_group,cerastium_fontanum_group
cerastium_fontanum_type,cerastium_fontanum_type
cerastium_type,cerastium_type
cerastium_undiff,cerastium_undiff
ceratonia,ceratonia
ceratonia_siliqua,ceratonia_siliqua
cercis,cercis
cercis_siliquastrum,cercis_siliquastrum
cerinthe,cerinthe
cerinthe_type,cerinthe_type
cf_aconitum,cf_aconitum
cf_acorus,cf_acorus
cf_aethusa_cynapium,cf_aethusa_cynapium
cf_alchemilla,cf_alchemilla
cf_anagallis_tenella,cf_anagallis_tenella
cf_androsace,cf_androsace
cf_anthericum,cf_anthericum
cf_armeria,cf_armeria
cf_armeria_type_a,cf_armeria_type_a
cf_artemisia,cf_artemisia
cf_astragalus,cf_astragalus
cf_atriplex,cf_atriplex
cf_avena,cf_avena
cf_avena_sativa,cf_avena_sativa
cf_bellis,cf_bellis
cf_brassicaceae,cf_brassicaceae
cf_cannabis,cf_cannabis
cf_cannabis_sativa,cf_cannabis_sativa
cf_carpinus,cf_carpinus
cf_carya,cf_carya
cf_cedrus,cf_cedrus
cf_centaurea_nigra_type,cf_centaurea_nigra_type
cf_centaurium,cf_centaurium
cf_cerastium,cf_cerastium
cf_ceratocapnos_claviculata,cf_ceratocapnos_claviculata
cf_chelidonium_type,cf_chelidonium_type
cf_chrysanthemum,cf_chrysanthemum
cf_chrysosplenium,cf_chrysosplenium
cf_cirsium,cf_cirsium
cf_convolvulus,cf_convolvulus
cf_cornus,cf_cornus
cf_corrigiola,cf_corrigiola
cf_cuscuta,cf_cuscuta
cf_cyperaceae_type,cf_cyperaceae_type
cf_cytisus,cf_cytisus
cf_daphne,cf_daphne
cf_diapensia_lapponica,cf_diapensia_lapponica
cf_digitalis,cf_digitalis
cf_dipsacus_cephalaria,cf_dipsacus_cephalaria
cf_dryas,cf_dryas
cf_empetrum,cf_empetrum
cf_ephedra_fragilis,cf_ephedra_fragilis
cf_epilobium,cf_epilobium
cf_euphorbia,cf_euphorbia
cf_fabaceae,cf_fabaceae
cf_ficus,cf_ficus
cf_filipendula,cf_filipendula
cf_frangula,cf_frangula
cf_frangula_alnus,cf_frangula_alnus
cf_galeopsis,cf_galeopsis
cf_gentiana,cf_gentiana
cf_gentiana_pneumonanthe,cf_gentiana_pneumonanthe
cf_gentianaceae,cf_gentianaceae
cf_gentianella_campestris,cf_gentianella_campestris
cf_geum,cf_geum
cf_glyceria,cf_glyceria
cf_helianthemum,cf_helianthemum
cf_herniaria,cf_herniaria
cf_hieracium,cf_hieracium
cf_hippophae_rhamnoides,cf_hippophae_rhamnoides
cf_hordeum,cf_hordeum
cf_hornungia_type,cf_hornungia_type
cf_humulus,cf_humulus
cf_humulus_lupulus,cf_humulus_lupulus
cf_hypericum,cf_hypericum
cf_hypericum_type,cf_hypericum_type
cf_ilex,cf_ilex
cf_juncus,cf_juncus
cf_juniperus,cf_juniperus
cf_lamiaceae,cf_lamiaceae
cf_lamium,cf_lamium
cf_larix,cf_larix
cf_larix_type,cf_larix_type
cf_lathyrus,cf_lathyrus
cf_ligusticum,cf_ligusticum
cf_limosella_aquatica,cf_limosella_aquatica
cf_littorella,cf_littorella
cf_lobelia,cf_lobelia
cf_lonicera,cf_lonicera
cf_lotus,cf_lotus
cf_lycopsis_arvensis,cf_lycopsis_arvensis
cf_lysimachia_vulgaris_type,cf_lysimachia_vulgaris_type
cf_maianthemum,cf_maianthemum
cf_melampyrum,cf_melampyrum
cf_mentha,cf_mentha
cf_mercurialis,cf_mercurialis
cf_montia,cf_montia
cf_myrica,cf_myrica
cf_myricaria_germanica,cf_myricaria_germanica
cf_myrtus,cf_myrtus
cf_olea,cf_olea
cf_oxyria,cf_oxyria
cf_oxyria_digyna,cf_oxyria_digyna
cf_oxyria_rumex_acetosa,cf_oxyria_rumex_acetosa
cf_oxytropis,cf_oxytropis
cf_papaver,cf_papaver
cf_pedicularis,cf_pedicularis
cf_persicaria_amphibia,cf_persicaria_amphibia
cf_peucedanum,cf_peucedanum
cf_peucedanum_type,cf_peucedanum_type
cf_pimpinella_major_type,cf_pimpinella_major_type
cf_pisum,cf_pisum
cf_platanus,cf_platanus
cf_polemonium,cf_polemonium
cf_polygala,cf_polygala
cf_polygonum,cf_polygonum
cf_populus_tremula,cf_populus_tremula
cf_portulaca_oleracea,cf_portulaca_oleracea
cf_poterium_sanguisorba,cf_poterium_sanguisorba
cf_prunus,cf_prunus
cf_pterocarya,cf_pterocarya
cf_pterocarya_juglans,cf_pterocarya_juglans
cf_quercus,cf_quercus
cf_ranunculus,cf_ranunculus
cf_raphanus,cf_raphanus
cf_rhamnus,cf_rhamnus
cf_rhinanthus,cf_rhinanthus
cf_rhinanthus_type,cf_rhinanthus_type
cf_rhus,cf_rhus
cf_rosa,cf_rosa
cf_rosaceae,cf_rosaceae
cf_rubus,cf_rubus
cf_rubus_chamaemorus,cf_rubus_chamaemorus
cf_ruta,cf_ruta
cf_sagina,cf_sagina
cf_salix_herbacea,cf_salix_herbacea
cf_salix_polaris,cf_salix_polaris
cf_sambucus,cf_sambucus
cf_sambucus_nigra,cf_sambucus_nigra
cf_sambucus_racemosa,cf_sambucus_racemosa
cf_samolus,cf_samolus
cf_saussurea,cf_saussurea
cf_saxifraga_granulata,cf_saxifraga_granulata
cf_saxifraga_oppositifolia_type,cf_saxifraga_oppositifolia_type
cf_saxifraga_stellaris_type,cf_saxifraga_stellaris_type
cf_scutellaria,cf_scutellaria
cf_secale,cf_secale
cf_sedum,cf_sedum
cf_sedum_type,cf_sedum_type
cf_senecio,cf_senecio
cf_silene,cf_silene
cf_sorbus,cf_sorbus
cf_sorbus_aucuparia,cf_sorbus_aucuparia
cf_stachys,cf_stachys
cf_stachys_glutinosa,cf_stachys_glutinosa
cf_stellaria,cf_stellaria
cf_succisa,cf_succisa
cf_taraxacum,cf_taraxacum
cf_taxus,cf_taxus
cf_thalictrum,cf_thalictrum
cf_thymus,cf_thymus
cf_triticum,cf_triticum
cf_triticum_turgidum_subsp_dicoccon,cf_triticum_turgidum_subsp_dicoccon
cf_trollius_europaeus,cf_trollius_europaeus
cf_urtica,cf_urtica
cf_valeriana,cf_valeriana
cf_veratrum,cf_veratrum
cf_veronica,cf_veronica
cf_viburnum,cf_viburnum
cf_viburnum_opulus,cf_viburnum_opulus
cf_vicia_type,cf_vicia_type
cf_viscum,cf_viscum
cf_xanthium,cf_xanthium
cf_xanthium_type,cf_xanthium_type
cf_zelkova,cf_zelkova
chaerophyllum,chaerophyllum
chaerophyllum_aureum,chaerophyllum_aureum
chaerophyllum_bulbosum,chaerophyllum_bulbosum
chaerophyllum_bulbosum_type,chaerophyllum_bulbosum_type
chaerophyllum_hirsutum,chaerophyllum_hirsutum
chaerophyllum_hirsutum_type,chaerophyllum_hirsutum_type
chaerophyllum_temulum,chaerophyllum_temulum
chaerophyllum_temulum_type,chaerophyllum_temulum_type
chaerophyllum_type,chaerophyllum_type
chamaenerion,chamaenerion
chamaenerion_angustifolium,chamaenerion_angustifolium
chamaenerion_angustifolium_type,chamaenerion_angustifolium_type
chamaenerion_type,chamaenerion_type
chamaerops,chamaerops
chamaerops_humilis,chamaerops_humilis
chelidonium,chelidonium
chelidonium_majus,chelidonium_majus
chelidonium_type,chelidonium_type
chenopodiaceae_sensu_stricto,chenopodiaceae_sensu_stricto
chenopodium,chenopodium
chenopodium_album,chenopodium_album
chenopodium_sp,chenopodium_sp
chenopodium_type,chenopodium_type
chrysanthemum,chrysanthemum
chrysanthemum_type,chrysanthemum_type
chrysophyllum,chrysophyllum
chrysosplenium,chrysosplenium
chrysosplenium_alternifolium,chrysosplenium_alternifolium
chrysosplenium_oppositifolium,chrysosplenium_oppositifolium
chrysosplenium_type,chrysosplenium_type
chrysosplenium_undiff,chrysosplenium_undiff
cicendia_filiformis,cicendia_filiformis
cicer_arietinum,cicer_arietinum
cichorieae,cichorieae
cichorioideae,cichorioideae
cichorioideae_type,cichorioideae_type
cichorioideae_undiff,cichorioideae_undiff
cichorium,cichorium
cichorium_intybus_type,cichorium_intybus_type
cicuta_virosa,cicuta_virosa
circaea,circaea
circaea_lutetiana,circaea_lutetiana
circaea_lutetiana_type,circaea_lutetiana_type
circaea_type,circaea_type
cirsium,cirsium
cirsium_carduus,cirsium_carduus
cirsium_carduus_type,cirsium_carduus_type
cirsium_cf_c_palustre,cirsium_cf_c_palustre
cirsium_gundelia,cirsium_gundelia
cirsium_helenioides,cirsium_helenioides
cirsium_sp,cirsium_sp
cirsium_type,cirsium_type
cistaceae,cistaceae
cistaceae_undiff,cistaceae_undiff
cistus,cistus
cistus_albidus_type,cistus_albidus_type
cistus_cf_c_albidus,cistus_cf_c_albidus
cistus_ladanifer,cistus_ladanifer
cistus_ladanifer_type,cistus_ladanifer_type
cistus_monspeliensis,cistus_monspeliensis
cistus_monspeliensis_type,cistus_monspeliensis_type
cistus_pro_parte,cistus_pro_parte
cistus_salviifolius,cistus_salviifolius
cistus_salviifolius_type,cistus_salviifolius_type
cistus_type,cistus_type
cistus_undiff,cistus_undiff
citrus,citrus
clematis,clematis
clematis_type,clematis_type
colchicum,colchicum
colchicum_autumnale,colchicum_autumnale
colchicum_autumnale_type,colchicum_autumnale_type
colchicum_filifolium_type,colchicum_filifolium_type
colchicum_montanum,colchicum_montanum
colchicum_type,colchicum_type
comandra_umbellata_subsp_elegans,comandra_umbellata_subsp_elegans
comarum_type,comarum_type
coniferae_saccate,coniferae_saccate
coniferae_type,coniferae_type
coniferae_undiff,coniferae_undiff
conium_maculatum,conium_maculatum
conium_maculatum_type,conium_maculatum_type
conium_type,conium_type
conopodium_majus,conopodium_majus
conopodium_type,conopodium_type
consolida,consolida
consolida_ambigua_type,consolida_ambigua_type
consolida_regalis_type,consolida_regalis_type
consolida_type,consolida_type
convallaria,convallaria
convallaria_majalis,convallaria_majalis
convallaria_type,convallaria_type
convolvulaceae,convolvulaceae
convolvulaceae_undiff,convolvulaceae_undiff
convolvulus,convolvulus
convolvulus_arvensis,convolvulus_arvensis
convolvulus_arvensis_type,convolvulus_arvensis_type
convolvulus_type,convolvulus_type
convolvulus_undiff,convolvulus_undiff
coriandrum_sativum,coriandrum_sativum
coriaria,coriaria
coriaria_myrtifolia,coriaria_myrtifolia
cornaceae,cornaceae
cornus,cornus
cornus_cf_c_suecica,cornus_cf_c_suecica
cornus_mas,cornus_mas
cornus_mas_c_suecica,cornus_mas_c_suecica
cornus_mas_type,cornus_mas_type
cornus_sanguinea,cornus_sanguinea
cornus_sanguinea_type,cornus_sanguinea_type
cornus_subg_thelycrania,cornus_subg_thelycrania
cornus_suecica,cornus_suecica
cornus_suecica_thick_wall,cornus_suecica_thick_wall
cornus_suecica_type,cornus_suecica_type
cornus_type,cornus_type
cornus_undiff,cornus_undiff
coronilla,coronilla
coronilla_type,coronilla_type
corrigiola_litoralis,corrigiola_litoralis
corrigiola_litoralis_type,corrigiola_litoralis_type
corrigiola_telephiifolia,corrigiola_telephiifolia
corrigiola_telephiifolia_type,corrigiola_telephiifolia_type
corydalis,corydalis
corydalis_cava_type,corydalis_cava_type
corydalis_pumila_type,corydalis_pumila_type
corydalis_solida_type,corydalis_solida_type
corylus,corylus
corylus_avellana,corylus_avellana
corylus_avellana_type,corylus_avellana_type
corylus_corroded,corylus_corroded
corylus_myrica,corylus_myrica
corylus_myrica_undiff,corylus_myrica_undiff
corylus_type,corylus_type
cotinus_coggygria,cotinus_coggygria
cotinus_type,cotinus_type
cotoneaster,cotoneaster
cousinia,cousinia
crassula,crassula
crassula_type,crassula_type
crassulaceae,crassulaceae
crassulaceae_undiff,crassulaceae_undiff
crataegus,crataegus
crataegus_monogyna,crataegus_monogyna
crataegus_type,crataegus_type
crepis,crepis
crepis_type,crepis_type
crocus,crocus
crocus_type,crocus_type
crocus_vernus,crocus_vernus
crupina_type,crupina_type
cryptomeria,cryptomeria
cucumis_sativus,cucumis_sativus
cucumis_type,cucumis_type
cupressaceae,cupressaceae
cupressaceae_taxaceae,cupressaceae_taxaceae
cupressaceae_type,cupressaceae_type
cupressaceae_undiff,cupressaceae_undiff
cupressus,cupressus
cuscuta,cuscuta
cuscuta_europaea,cuscuta_europaea
cuscuta_europaea_type,cuscuta_europaea_type
cuscuta_lupuliformis,cuscuta_lupuliformis
cuscuta_type,cuscuta_type
cyanus_triumfettii,cyanus_triumfettii
cyanus_triumfettii_type,cyanus_triumfettii_type
cyclamen,cyclamen
cyclamen_hederifolium,cyclamen_hederifolium
cyclamen_purpurascens,cyclamen_purpurascens
cynoglossum,cynoglossum
cynoglossum_officinale_type,cynoglossum_officinale_type
cynoglossum_type,cynoglossum_type
cyperaceae,cyperaceae
cyperaceae_indet,cyperaceae_indet
cyperaceae_undiff,cyperaceae_undiff
cyperus,cyperus
cyperus_capitatus,cyperus_capitatus
cyperus_type,cyperus_type
cytisus,cytisus
cytisus_genista_type,cytisus_genista_type
cytisus_grandiflorus,cytisus_grandiflorus
cytisus_scoparius,cytisus_scoparius
cytisus_type,cytisus_type
dactylis_type,dactylis_type
dalechampia,dalechampia
daphne,daphne
daphne_gnidium_type,daphne_gnidium_type
daphne_laureola,daphne_laureola
daphne_thymelaea,daphne_thymelaea
daphne_type,daphne_type
datura,datura
datura_stramonium,datura_stramonium
daucus,daucus
daucus_carota,daucus_carota
daucus_carota_type,daucus_carota_type
daucus_type,daucus_type
delphinium,delphinium
delphinium_ambiguum,delphinium_ambiguum
delphinium_type,delphinium_type
descurainia_sophia,descurainia_sophia
descurainia_sophia_type,descurainia_sophia_type
dianthus,dianthus
dianthus_lusitanus_type,dianthus_lusitanus_type
dianthus_superbus_type,dianthus_superbus_type
dianthus_type,dianthus_type
dianthus_type_cf_silene,dianthus_type_cf_silene
diapensia,diapensia
diapensia_lapponica,diapensia_lapponica
dictamnus_albus,dictamnus_albus
digitalis,digitalis
digitalis_purpurea,digitalis_purpurea
digitalis_purpurea_type,digitalis_purpurea_type
digitalis_type,digitalis_type
dioscorea,dioscorea
dioscorea_communis,dioscorea_communis
dipsacaceae_undiff,dipsacaceae_undiff
dipsacoideae,dipsacoideae
dipsacoideae_undiff,dipsacoideae_undiff
dipsacus,dipsacus
dipsacus_fullonum,dipsacus_fullonum
dipsacus_fullonum_type,dipsacus_fullonum_type
dipsacus_type,dipsacus_type
doronicum,doronicum
dorycnium,dorycnium
dorycnium_type,dorycnium_type
draba,draba
draba_type,draba_type
dracunculus,dracunculus
droseraceae,droseraceae
dryas,dryas
dryas_octopetala,dryas_octopetala
dryas_octopetala_type,dryas_octopetala_type
dryas_type,dryas_type
echinophora_type,echinophora_type
echinops,echinops
echinops_ritro,echinops_ritro
echinops_type,echinops_type
echium,echium
echium_onosma,echium_onosma
echium_type,echium_type
echium_vulgare,echium_vulgare
echium_vulgare_type,echium_vulgare_type
elaeagnus,elaeagnus
elymus,elymus
elymus_type,elymus_type
empetrum,empetrum
empetrum_cf_e_nigrum,empetrum_cf_e_nigrum
empetrum_hermaphroditum,empetrum_hermaphroditum
empetrum_nigrum,empetrum_nigrum
empetrum_nigrum_type,empetrum_nigrum_type
empetrum_type,empetrum_type
engelhardia_type,engelhardia_type
ephedra,ephedra
ephedra_cf_e_fragilis,ephedra_cf_e_fragilis
ephedra_distachya,ephedra_distachya
ephedra_distachya_e_major_subsp_major,ephedra_distachya_e_major_subsp_major
ephedra_distachya_subsp_helvetica_type,ephedra_distachya_subsp_helvetica_type
ephedra_distachya_type,ephedra_distachya_type
ephedra_foeminea_type,ephedra_foeminea_type
ephedra_fragilis,ephedra_fragilis
ephedra_fragilis_type,ephedra_fragilis_type
ephedra_major,ephedra_major
ephedra_major_subsp_major,ephedra_major_subsp_major
ephedra_major_type,ephedra_major_type
ephedra_strobilacea,ephedra_strobilacea
ephedra_strobilacea_type,ephedra_strobilacea_type
ephedra_undiff,ephedra_undiff
epilobium,epilobium
epilobium_sp,epilobium_sp
epilobium_type,epilobium_type
epilobium_undiff,epilobium_undiff
epipactis,epipactis
epipactis_palustris,epipactis_palustris
epipactis_palustris_type,epipactis_palustris_type
eranthis_hyemalis,eranthis_hyemalis
erica,erica
erica_arborea,erica_arborea
erica_arborea_type,erica_arborea_type
erica_australis,erica_australis
erica_australis_type,erica_australis_type
erica_cf_e_tetralix,erica_cf_e_tetralix
erica_ciliaris,erica_ciliaris
erica_ciliaris_type,erica_ciliaris_type
erica_cinerea,erica_cinerea
erica_cinerea_e_tetralix,erica_cinerea_e_tetralix
erica_multiflora_type,erica_multiflora_type
erica_scoparia_type,erica_scoparia_type
erica_terminalis,erica_terminalis
erica_tetralix,erica_tetralix
erica_tetralix_type,erica_tetralix_type
erica_type,erica_type
erica_umbellata,erica_umbellata
erica_umbellata_type,erica_umbellata_type
erica_undiff,erica_undiff
ericaceae,ericaceae
ericaceae_cf_calluna,ericaceae_cf_calluna
ericaceae_cf_cassiope,ericaceae_cf_cassiope
ericaceae_cf_ledum,ericaceae_cf_ledum
ericaceae_cf_vaccinium,ericaceae_cf_vaccinium
ericaceae_indet,ericaceae_indet
ericaceae_type,ericaceae_type
ericaceae_undiff,ericaceae_undiff
ericales,ericales
ericales_tetrad,ericales_tetrad
ericales_undiff,ericales_undiff
ericoideae,ericoideae
erigeron,erigeron
erigeron_type,erigeron_type
erodium,erodium
erodium_cicutarium_type,erodium_cicutarium_type
erodium_type,erodium_type
eryngium,eryngium
eryngium_campestre,eryngium_campestre
eryngium_campestre_type,eryngium_campestre_type
eryngium_type,eryngium_type
erythrina,erythrina
erythrina_type,erythrina_type
eucalyptus,eucalyptus
euonymus,euonymus
euonymus_europaeus,euonymus_europaeus
eupatorium,eupatorium
eupatorium_cannabinum_type,eupatorium_cannabinum_type
eupatorium_type,eupatorium_type
euphorbia,euphorbia
euphorbia_cf_e_palustris,euphorbia_cf_e_palustris
euphorbia_type,euphorbia_type
euphorbiaceae,euphorbiaceae
euphorbiaceae_cf_mercurialis,euphorbiaceae_cf_mercurialis
euphorbiaceae_undiff,euphorbiaceae_undiff
euphrasia,euphrasia
euphrasia_type,euphrasia_type
fabaceae,fabaceae
fabaceae_indet,fabaceae_indet
fabaceae_pro_parte,fabaceae_pro_parte
fabaceae_undiff,fabaceae_undiff
faboideae,faboideae
faboideae_undiff,faboideae_undiff
fagopyrum,fagopyrum
fagopyrum_esculentum,fagopyrum_esculentum
fagopyrum_tataricum,fagopyrum_tataricum
fagopyrum_type,fagopyrum_type
fagopyrum_undiff,fagopyrum_undiff
fagus,fagus
fagus_sylvatica,fagus_sylvatica
falcaria,falcaria
falcaria_type,falcaria_type
falcaria_vulgaris,falcaria_vulgaris
falcaria_vulgaris_type,falcaria_vulgaris_type
fallopia,fallopia
fallopia_cf_f_convolvulus,fallopia_cf_f_convolvulus
fallopia_convolvulus,fallopia_convolvulus
fallopia_convolvulus_f_dumetorum,fallopia_convolvulus_f_dumetorum
fallopia_convolvulus_type,fallopia_convolvulus_type
fedia_cornucopiae,fedia_cornucopiae
festuca,festuca
festuca_type,festuca_type
ficaria,ficaria
ficaria_verna,ficaria_verna
ficaria_verna_type,ficaria_verna_type
ficus,ficus
ficus_carica,ficus_carica
filago,filago
filago_type,filago_type
filipendula,filipendula
filipendula_type,filipendula_type
filipendula_ulmaria,filipendula_ulmaria
filipendula_vulgaris,filipendula_vulgaris
filipendula_vulgaris_type,filipendula_vulgaris_type
foeniculum_type,foeniculum_type
foeniculum_vulgare,foeniculum_vulgare
fragaria,fragaria
fragaria_cf_f_viridis,fragaria_cf_f_viridis
fragaria_vesca,fragaria_vesca
frangula,frangula
frangula_alnus,frangula_alnus
frangula_alnus_type,frangula_alnus_type
frankenia,frankenia
fraxinus,fraxinus
fraxinus_angustifolia,fraxinus_angustifolia
fraxinus_angustifolia_subsp_oxycarpa_type,fraxinus_angustifolia_subsp_oxycarpa_type
fraxinus_angustifolia_type,fraxinus_angustifolia_type
fraxinus_cf_f_angustifolia_f_oxycarpa,fraxinus_cf_f_angustifolia_f_oxycarpa
fraxinus_excelsior,fraxinus_excelsior
fraxinus_excelsior_type,fraxinus_excelsior_type
fraxinus_ornus,fraxinus_ornus
fraxinus_ornus_type,fraxinus_ornus_type
fraxinus_undiff,fraxinus_undiff
fritillaria_lusitanica,fritillaria_lusitanica
fritillaria_type,fritillaria_type
fumana,fumana
fumana_type,fumana_type
fumaria,fumaria
fumaria_officinalis,fumaria_officinalis
fumaria_officinalis_type,fumaria_officinalis_type
gagea,gagea
gagea_nevadensis,gagea_nevadensis
gagea_tulipa,gagea_tulipa
gagea_type,gagea_type
galanthus_type,galanthus_type
galeopsis,galeopsis
galeopsis_ballota_type,galeopsis_ballota_type
galeopsis_type,galeopsis_type
galium,galium
galium_aparine,galium_aparine
galium_palustre,galium_palustre
galium_type,galium_type
genista,genista
genista_cytisus,genista_cytisus
genista_type,genista_type
gentiana,gentiana
gentiana_asclepiadea_type,gentiana_asclepiadea_type
gentiana_campestris,gentiana_campestris
gentiana_lutea,gentiana_lutea
gentiana_lutea_g_pneumonanthe,gentiana_lutea_g_pneumonanthe
gentiana_lutea_type,gentiana_lutea_type
gentiana_nivalis,gentiana_nivalis
gentiana_nivalis_type,gentiana_nivalis_type
gentiana_pneumonanthe,gentiana_pneumonanthe
gentiana_pneumonanthe_type,gentiana_pneumonanthe_type
gentiana_punctata,gentiana_punctata
gentiana_purpurea_type,gentiana_purpurea_type
gentiana_type,gentiana_type
gentiana_undiff,gentiana_undiff
gentiana_verna,gentiana_verna
gentiana_verna_type,gentiana_verna_type
gentianaceae,gentianaceae
gentianaceae_cf_gentianella,gentianaceae_cf_gentianella
gentianaceae_undiff,gentianaceae_undiff
gentianella,gentianella
gentianella_campestris,gentianella_campestris
gentianella_campestris_type,gentianella_campestris_type
gentianella_sp,gentianella_sp
gentianella_tenella_type,gentianella_tenella_type
gentianella_type,gentianella_type
geraniaceae,geraniaceae
geranium,geranium
geranium_columbinum_type,geranium_columbinum_type
geranium_molle_group,geranium_molle_group
geranium_molle_type,geranium_molle_type
geranium_phaeum_type,geranium_phaeum_type
geranium_pratense_group,geranium_pratense_group
geranium_pratense_type,geranium_pratense_type
geranium_pusillum_type,geranium_pusillum_type
geranium_sylvaticum,geranium_sylvaticum
geranium_sylvaticum_type,geranium_sylvaticum_type
geranium_type,geranium_type
geum,geum
geum_cf_g_rivale,geum_cf_g_rivale
geum_cf_g_urbanum,geum_cf_g_urbanum
geum_montanum_type,geum_montanum_type
geum_potentilla,geum_potentilla
geum_rivale,geum_rivale
geum_type,geum_type
gladiolus,gladiolus
gladiolus_illyricus_type,gladiolus_illyricus_type
gladiolus_type,gladiolus_type
glaucium,glaucium
glaucium_type,glaucium_type
glaux,glaux
glaux_maritima,glaux_maritima
glechoma_type,glechoma_type
globularia,globularia
glyceria,glyceria
glyceria_type,glyceria_type
gnaphalium,gnaphalium
gnaphalium_type,gnaphalium_type
gratiola,gratiola
gratiola_officinalis,gratiola_officinalis
gynandriris_sisyrinchium,gynandriris_sisyrinchium
gypsophila,gypsophila
gypsophila_arrostii,gypsophila_arrostii
gypsophila_fastigiata,gypsophila_fastigiata
gypsophila_fastigiata_type,gypsophila_fastigiata_type
gypsophila_muralis,gypsophila_muralis
gypsophila_repens,gypsophila_repens
gypsophila_repens_type,gypsophila_repens_type
gypsophila_type,gypsophila_type
halimium,halimium
halimium_halimifolium_type,halimium_halimifolium_type
halimium_tuberaria,halimium_tuberaria
halimium_type,halimium_type
halothamnus_type,halothamnus_type
haplophyllum_type,haplophyllum_type
hedera,hedera
hedera_helix,hedera_helix
hedera_helix_type,hedera_helix_type
hedera_type,hedera_type
hedysarum,hedysarum
hedysarum_cf_h_hedysaroides,hedysarum_cf_h_hedysaroides
hedysarum_hedysaroides,hedysarum_hedysaroides
hedysarum_type,hedysarum_type
helianthemum,helianthemum
helianthemum_canum_type,helianthemum_canum_type
helianthemum_cf_h_canum,helianthemum_cf_h_canum
helianthemum_croceum_type,helianthemum_croceum_type
helianthemum_marifolium,helianthemum_marifolium
helianthemum_nummularium,helianthemum_nummularium
helianthemum_nummularium_type,helianthemum_nummularium_type
helianthemum_oelandicum_subsp_alpestris_type,helianthemum_oelandicum_subsp_alpestris_type
helianthemum_oelandicum_type,helianthemum_oelandicum_type
helianthemum_sp,helianthemum_sp
helianthemum_type,helianthemum_type
helianthemum_undiff,helianthemum_undiff
helianthus,helianthus
helianthus_type,helianthus_type
heliotropium,heliotropium
heliotropium_type,heliotropium_type
helleborus,helleborus
helleborus_foetidus,helleborus_foetidus
helleborus_type,helleborus_type
helleborus_viridis,helleborus_viridis
helleborus_viridis_type,helleborus_viridis_type
helosciadium_inundatum,helosciadium_inundatum
heracleum,heracleum
heracleum_sphondylium,heracleum_sphondylium
heracleum_sphondylium_type,heracleum_sphondylium_type
heracleum_type,heracleum_type
heracleum_undiff,heracleum_undiff
herniaria,herniaria
herniaria_glabra_type,herniaria_glabra_type
herniaria_type,herniaria_type
hieracium_type,hieracium_type
hippocastanoideae,hippocastanoideae
hippocrepis,hippocrepis
hippocrepis_type,hippocrepis_type
hippophae,hippophae
hippophae_rhamnoides,hippophae_rhamnoides
holosteum_umbellatum,holosteum_umbellatum
homogyne,homogyne
homogyne_alpina,homogyne_alpina
homogyne_type,homogyne_type
hordelymus,hordelymus
hordeum,hordeum
hordeum_group,hordeum_group
hordeum_secale,hordeum_secale
hordeum_triticum_type,hordeum_triticum_type
hordeum_type,hordeum_type
hordeum_vulgare_type,hordeum_vulgare_type
hornungia,hornungia
hornungia_type,hornungia_type
humulus,humulus
humulus_cannabis,humulus_cannabis
humulus_cannabis_sativa,humulus_cannabis_sativa
humulus_cannabis_type,humulus_cannabis_type
humulus_lupulus,humulus_lupulus
humulus_lupulus_type,humulus_lupulus_type
humulus_type,humulus_type
humulus_urtica,humulus_urtica
hyacinthoides_type,hyacinthoides_type
hyoscyamus,hyoscyamus
hyoscyamus_niger,hyoscyamus_niger
hypecoum,hypecoum
hypecoum_type,hypecoum_type
hypericaceae,hypericaceae
hypericum,hypericum
hypericum_androsaemum,hypericum_androsaemum
hypericum_calycinum_type,hypericum_calycinum_type
hypericum_cf_h_elodes,hypericum_cf_h_elodes
hypericum_elodes,hypericum_elodes
hypericum_elodes_type,hypericum_elodes_type
hypericum_perforatum,hypericum_perforatum
hypericum_perforatum_group,hypericum_perforatum_group
hypericum_perforatum_h_androsaemum_type,hypericum_perforatum_h_androsaemum_type
hypericum_perforatum_type,hypericum_perforatum_type
hypericum_pulchrum_type,hypericum_pulchrum_type
hypericum_type,hypericum_type
hypericum_undiff,hypericum_undiff
hystrix,hystrix
hystrix_type_a,hystrix_type_a
hystrix_type_b,hystrix_type_b
ilex,ilex
ilex_aquifolium,ilex_aquifolium
ilex_aquifolium_type,ilex_aquifolium_type
ilex_type,ilex_type
illecebrum,illecebrum
illecebrum_verticillatum,illecebrum_verticillatum
illecebrum_verticillatum_type,illecebrum_verticillatum_type
impatiens,impatiens
impatiens_noli_tangere,impatiens_noli_tangere
inula,inula
iridaceae,iridaceae
iris,iris
iris_germanica_type,iris_germanica_type
iris_pseudacorus,iris_pseudacorus
iris_pseudacorus_type,iris_pseudacorus_type
iris_type,iris_type
isopyrum,isopyrum
jasione,jasione
jasione_montana,jasione_montana
jasione_montana_type,jasione_montana_type
jasione_type,jasione_type
jasminum,jasminum
juglandaceae,juglandaceae
juglandaceae_type,juglandaceae_type
juglans,juglans
juglans_nigra,juglans_nigra
juglans_regia,juglans_regia
juglans_type,juglans_type
juncaceae,juncaceae
juncus_luzula,juncus_luzula
juniperus,juniperus
juniperus_communis,juniperus_communis
juniperus_communis_type,juniperus_communis_type
juniperus_type,juniperus_type
jurinea,jurinea
jurinea_type,jurinea_type
kalmia,kalmia
kalmia_procumbens,kalmia_procumbens
kickxia,kickxia
knautia,knautia
knautia_arvensis,knautia_arvensis
knautia_arvensis_type,knautia_arvensis_type
knautia_dipsacus,knautia_dipsacus
knautia_type,knautia_type
koenigia,koenigia
koenigia_alpina,koenigia_alpina
koenigia_alpina_type,koenigia_alpina_type
koenigia_islandica,koenigia_islandica
koenigia_islandica_type,koenigia_islandica_type
krascheninnikovia_ceratoides,krascheninnikovia_ceratoides
lactuca,lactuca
lactuca_sativa_type,lactuca_sativa_type
lactuca_type,lactuca_type
lamiaceae,lamiaceae
lamiaceae_hexacolpate,lamiaceae_hexacolpate
lamiaceae_pro_parte,lamiaceae_pro_parte
lamiaceae_tricolpate,lamiaceae_tricolpate
lamiaceae_undiff,lamiaceae_undiff
lamium,lamium
lamium_album,lamium_album
lamium_album_type,lamium_album_type
lamium_amplexicaule_type,lamium_amplexicaule_type
lamium_purpureum_var_hybridum_type,lamium_purpureum_var_hybridum_type
lamium_type,lamium_type
larix,larix
larix_decidua,larix_decidua
larix_decidua_type,larix_decidua_type
larix_pseudotsuga,larix_pseudotsuga
larix_type,larix_type
laserpitium,laserpitium
laserpitium_latifolium_type,laserpitium_latifolium_type
laserpitium_prutenicum,laserpitium_prutenicum
lathraea,lathraea
lathyrus,lathyrus
lathyrus_linifolius_type,lathyrus_linifolius_type
lathyrus_palustris,lathyrus_palustris
lathyrus_type,lathyrus_type
laurus,laurus
lavandula,lavandula
lavandula_stoechas_type,lavandula_stoechas_type
lavandula_type,lavandula_type
lavatera,lavatera
lavatera_type,lavatera_type
legousia,legousia
leucojum,leucojum
ligusticum,ligusticum
ligusticum_mutellina,ligusticum_mutellina
ligusticum_mutellinoides_type,ligusticum_mutellinoides_type
ligusticum_scoticum,ligusticum_scoticum
ligustrum,ligustrum
ligustrum_type,ligustrum_type
ligustrum_vulgare,ligustrum_vulgare
ligustrum_vulgare_type,ligustrum_vulgare_type
liliaceae,liliaceae
liliaceae_pro_parte,liliaceae_pro_parte
liliaceae_type,liliaceae_type
liliaceae_type_undiff,liliaceae_type_undiff
liliaceae_undiff,liliaceae_undiff
liliales,liliales
lilium,lilium
lilium_martagon,lilium_martagon
lilium_martagon_type,lilium_martagon_type
lilium_type,lilium_type
limonium,limonium
limonium_humile_type,limonium_humile_type
limonium_type,limonium_type
limonium_vulgare,limonium_vulgare
limonium_vulgare_type_a,limonium_vulgare_type_a
limosella,limosella
linaceae,linaceae
linaceae_undiff,linaceae_undiff
linaria,linaria
linaria_type,linaria_type
linnaea,linnaea
linnaea_borealis,linnaea_borealis
linum,linum
linum_alpinum_type,linum_alpinum_type
linum_austriacum_type,linum_austriacum_type
linum_bienne_type,linum_bienne_type
linum_catharticum,linum_catharticum
linum_catharticum_type,linum_catharticum_type
linum_cf_l_usitatissimum,linum_cf_l_usitatissimum
linum_sp,linum_sp
linum_undiff,linum_undiff
linum_usitatissimum,linum_usitatissimum
linum_usitatissimum_type,linum_usitatissimum_type
liquidambar,liquidambar
liriodendron_tulipifera,liriodendron_tulipifera
listera,listera
listera_type,listera_type
lithodora_fruticosa_type,lithodora_fruticosa_type
lithospermum,lithospermum
lithospermum_officinale,lithospermum_officinale
lithospermum_sp,lithospermum_sp
lithospermum_type,lithospermum_type
lloydia_serotina,lloydia_serotina
lobelia,lobelia
lobelia_dortmanna,lobelia_dortmanna
lobelia_type,lobelia_type
logfia_type,logfia_type
lomelosia_graminifolia,lomelosia_graminifolia
lomelosia_rotata_type,lomelosia_rotata_type
lonicera,lonicera
lonicera_alpigena,lonicera_alpigena
lonicera_caerulea,lonicera_caerulea
lonicera_nigra,lonicera_nigra
lonicera_nigra_type,lonicera_nigra_type
lonicera_periclymenum,lonicera_periclymenum
lonicera_periclymenum_type,lonicera_periclymenum_type
lonicera_type,lonicera_type
lonicera_xylosteum,lonicera_xylosteum
lonicera_xylosteum_type,lonicera_xylosteum_type
loranthaceae,loranthaceae
loranthus,loranthus
loranthus_europaeus,loranthus_europaeus
lotus,lotus
lotus_cf_l_corniculatus,lotus_cf_l_corniculatus
lotus_corniculatus,lotus_corniculatus
lotus_maritimus,lotus_maritimus
lotus_pedunculatus,lotus_pedunculatus
lotus_pedunculatus_type,lotus_pedunculatus_type
lotus_sp,lotus_sp
lotus_type,lotus_type
lotus_undiff,lotus_undiff
lupinus,lupinus
luzula,luzula
lychnis_type,lychnis_type
lycium,lycium
lycium_type,lycium_type
lycopsis,lycopsis
lycopsis_arvensis,lycopsis_arvensis
lycopsis_arvensis_type,lycopsis_arvensis_type
lycopus,lycopus
lycopus_europaeus,lycopus_europaeus
lycopus_mentha,lycopus_mentha
lycopus_mentha_longifolia,lycopus_mentha_longifolia
lycopus_type,lycopus_type
lygeum,lygeum
lygeum_spartum,lygeum_spartum
lysimachia,lysimachia
lysimachia_ephemerum,lysimachia_ephemerum
lysimachia_nemorum,lysimachia_nemorum
lysimachia_nemorum_type,lysimachia_nemorum_type
lysimachia_nummularia,lysimachia_nummularia
lysimachia_terrestris_l_thyrsiflora,lysimachia_terrestris_l_thyrsiflora
lysimachia_thyrsiflora,lysimachia_thyrsiflora
lysimachia_type,lysimachia_type
lysimachia_vulgaris,lysimachia_vulgaris
lysimachia_vulgaris_minus_group,lysimachia_vulgaris_minus_group
lysimachia_vulgaris_type,lysimachia_vulgaris_type
lythraceae,lythraceae
lythraceae_undiff,lythraceae_undiff
lythrum,lythrum
lythrum_portula,lythrum_portula
lythrum_portula_type,lythrum_portula_type
lythrum_salicaria,lythrum_salicaria
lythrum_salicaria_type,lythrum_salicaria_type
lythrum_type,lythrum_type
lythrum_undiff,lythrum_undiff
magnolia_type,magnolia_type
magnoliaceae,magnoliaceae
magnoliaceae_undiff,magnoliaceae_undiff
maianthemum_bifolium,maianthemum_bifolium
maianthemum_paris,maianthemum_paris
maianthemum_type,maianthemum_type
malabaila,malabaila
malus,malus
malus_sylvestris,malus_sylvestris
malus_type,malus_type
malva,malva
malva_sylvestris_type,malva_sylvestris_type
malva_type,malva_type
malvaceae,malvaceae
malvaceae_sensu_stricto,malvaceae_sensu_stricto
malvaceae_undiff,malvaceae_undiff
marrubium,marrubium
marrubium_type,marrubium_type
matricaria,matricaria
matricaria_type,matricaria_type
matthiola,matthiola
matthiola_incana,matthiola_incana
matthiola_type,matthiola_type
maytenus,maytenus
medicago,medicago
medicago_falcata_type,medicago_falcata_type
medicago_lupulina,medicago_lupulina
medicago_lupulina_type,medicago_lupulina_type
medicago_sativa,medicago_sativa
medicago_sativa_type,medicago_sativa_type
medicago_type,medicago_type
melampyrum,melampyrum
melampyrum_pratense,melampyrum_pratense
melampyrum_type,melampyrum_type
melilotus,melilotus
melilotus_officinalis,melilotus_officinalis
melilotus_type,melilotus_type
mentha,mentha
mentha_type,mentha_type
mercurialis,mercurialis
mercurialis_annua,mercurialis_annua
mercurialis_annua_type,mercurialis_annua_type
mercurialis_perennis,mercurialis_perennis
mercurialis_perennis_type,mercurialis_perennis_type
mercurialis_type,mercurialis_type
mercurialis_undiff,mercurialis_undiff
mesembryanthemum,mesembryanthemum
meum_athamanticum,meum_athamanticum
meum_athamanticum_type,meum_athamanticum_type
meum_type,meum_type
micranthes_cf_m_stellaris,micranthes_cf_m_stellaris
micranthes_nivalis,micranthes_nivalis
micranthes_nivalis_m_tenuis,micranthes_nivalis_m_tenuis
micranthes_nivalis_type,micranthes_nivalis_type
micranthes_stellaris,micranthes_stellaris
micranthes_stellaris_type,micranthes_stellaris_type
microrrhinum_minus,microrrhinum_minus
mimulus,mimulus
minuartia,minuartia
minuartia_recurva,minuartia_recurva
minuartia_rubra_type,minuartia_rubra_type
minuartia_type,minuartia_type
minuartia_verna_type,minuartia_verna_type
moehringia_trinervia_group,moehringia_trinervia_group
moehringia_trinervia_type,moehringia_trinervia_type
moehringia_type,moehringia_type
monotropa,monotropa
monotropa_hypopitys,monotropa_hypopitys
monotropoideae,monotropoideae
montia,montia
montia_fontana,montia_fontana
montia_fontana_type,montia_fontana_type
moraceae,moraceae
morus,morus
morus_alba,morus_alba
morus_alba_type,morus_alba_type
morus_nigra,morus_nigra
morus_type,morus_type
muscari,muscari
muscari_type,muscari_type
myosotis,myosotis
myosotis_arvensis,myosotis_arvensis
myosotis_arvensis_type,myosotis_arvensis_type
myosotis_type,myosotis_type
myrica,myrica
myrica_gale,myrica_gale
myrica_type,myrica_type
myricaceae,myricaceae
myricaria,myricaria
myricaria_germanica,myricaria_germanica
myricaria_germanica_type,myricaria_germanica_type
myricaria_type,myricaria_type
myrrhis_type,myrrhis_type
myrtaceae,myrtaceae
myrtus,myrtus
myrtus_communis,myrtus_communis
myrtus_type,myrtus_type
narcissus,narcissus
narcissus_bulbocodium,narcissus_bulbocodium
narcissus_poeticus_type,narcissus_poeticus_type
narcissus_pseudonarcissus_type,narcissus_pseudonarcissus_type
narcissus_type,narcissus_type
narthecium,narthecium
narthecium_ossifragum,narthecium_ossifragum
narthecium_ossifragum_type,narthecium_ossifragum_type
narthecium_type,narthecium_type
nepeta_type,nepeta_type
nerium,nerium
nerium_oleander,nerium_oleander
nicotiana,nicotiana
nigella,nigella
nigella_arvensis_type,nigella_arvensis_type
noaea_type,noaea_type
nonea,nonea
normapolles,normapolles
nothofagus,nothofagus
nyssa,nyssa
odontites,odontites
odontites_euphrasia,odontites_euphrasia
odontites_type,odontites_type
oenanthe_fistulosa_group,oenanthe_fistulosa_group
oenanthe_fistulosa_type,oenanthe_fistulosa_type
oenothera,oenothera
olea,olea
olea_europaea,olea_europaea
olea_phillyrea,olea_phillyrea
oleaceae,oleaceae
oleaceae_brassicaceae,oleaceae_brassicaceae
oleaceae_undiff,oleaceae_undiff
onagraceae,onagraceae
onagraceae_cf_epilobium,onagraceae_cf_epilobium
onobrychis,onobrychis
onobrychis_type,onobrychis_type
onobrychis_viciifolia,onobrychis_viciifolia
ononis,ononis
ononis_type,ononis_type
ononis_type_cf_melilotus,ononis_type_cf_melilotus
onopordum,onopordum
onopordum_acanthium,onopordum_acanthium
onosma,onosma
onosma_type,onosma_type
orchidaceae,orchidaceae
orlaya,orlaya
orlaya_grandiflora,orlaya_grandiflora
orlaya_type,orlaya_type
ornithogalum,ornithogalum
ornithogalum_type,ornithogalum_type
ornithogalum_umbellatum_type,ornithogalum_umbellatum_type
ornithopus,ornithopus
orobanchaceae,orobanchaceae
orthilia,orthilia
orthilia_secunda,orthilia_secunda
ostrya,ostrya
ostrya_carpinifolia,ostrya_carpinifolia
ostrya_carpinus,ostrya_carpinus
ostrya_carpinus_betulus_type,ostrya_carpinus_betulus_type
ostrya_carpinus_orientalis,ostrya_carpinus_orientalis
ostrya_carpinus_orientalis_type,ostrya_carpinus_orientalis_type
ostrya_type,ostrya_type
osyris,osyris
oxalidaceae,oxalidaceae
oxalis,oxalis
oxalis_acetosella,oxalis_acetosella
oxalis_type,oxalis_type
oxyria,oxyria
oxyria_digyna,oxyria_digyna
oxyria_digyna_type,oxyria_digyna_type
oxyria_type,oxyria_type
oxyria_type_1,oxyria_type_1
oxyria_type_2,oxyria_type_2
paeonia,paeonia
paliurus,paliurus
panicum,panicum
panicum_type,panicum_type
papaver,papaver
papaver_argemone,papaver_argemone
papaver_argemone_type,papaver_argemone_type
papaver_cf_p_rhoeas,papaver_cf_p_rhoeas
papaver_dahlianum_type,papaver_dahlianum_type
papaver_dubium,papaver_dubium
papaver_rhoeas,papaver_rhoeas
papaver_rhoeas_group,papaver_rhoeas_group
papaver_rhoeas_type,papaver_rhoeas_type
papaver_type,papaver_type
papaveraceae,papaveraceae
papaveraceae_undiff,papaveraceae_undiff
paradisea_liliastrum,paradisea_liliastrum
parietaria,parietaria
parietaria_type,parietaria_type
paris,paris
paris_quadrifolia_type,paris_quadrifolia_type
paris_type,paris_type
parnassia,parnassia
parnassia_palustris,parnassia_palustris
parnassia_palustris_type,parnassia_palustris_type
parnassia_type,parnassia_type
paronychia,paronychia
paronychia_polygonifolia_type,paronychia_polygonifolia_type
paronychia_type,paronychia_type
pastinaca_sativa,pastinaca_sativa
pastinaca_type,pastinaca_type
pedicularis,pedicularis
pedicularis_hirsuta_type,pedicularis_hirsuta_type
pedicularis_palustris,pedicularis_palustris
pedicularis_palustris_type,pedicularis_palustris_type
pedicularis_sylvatica,pedicularis_sylvatica
pedicularis_type,pedicularis_type
pedicularis_verticillata_type,pedicularis_verticillata_type
pentaglottis_sempervirens,pentaglottis_sempervirens
penthorum_sedoides,penthorum_sedoides
periploca,periploca
persicaria,persicaria
persicaria_amphibia,persicaria_amphibia
persicaria_amphibia_type,persicaria_amphibia_type
persicaria_cf_p_maculosa,persicaria_cf_p_maculosa
persicaria_lapathifolia,persicaria_lapathifolia
persicaria_lapathifolia_type,persicaria_lapathifolia_type
persicaria_maculosa,persicaria_maculosa
persicaria_maculosa_type,persicaria_maculosa_type
persicaria_minor_type,persicaria_minor_type
petasites,petasites
petasites_hybridus_type,petasites_hybridus_type
petasites_type,petasites_type
peucedanum,peucedanum
peucedanum_palustre,peucedanum_palustre
peucedanum_palustre_type,peucedanum_palustre_type
peucedanum_type,peucedanum_type
phacelia,phacelia
phillyrea,phillyrea
phillyrea_angustifolia_type,phillyrea_angustifolia_type
phillyrea_latifolia,phillyrea_latifolia
phillyrea_type,phillyrea_type
phleum_type,phleum_type
phlomis,phlomis
phoenix_type,phoenix_type
physospermum_cornubiense,physospermum_cornubiense
phyteuma,phyteuma
phyteuma_type,phyteuma_type
picea,picea
picea_abies,picea_abies
picea_abies_type,picea_abies_type
picea_degraded,picea_degraded
picea_omorika_type,picea_omorika_type
picea_type,picea_type
pimpinella,pimpinella
pimpinella_anisum,pimpinella_anisum
pimpinella_major_p_saxifraga,pimpinella_major_p_saxifraga
pimpinella_major_type,pimpinella_major_type
pimpinella_saxifraga,pimpinella_saxifraga
pimpinella_saxifraga_type,pimpinella_saxifraga_type
pimpinella_type,pimpinella_type
pinguicula,pinguicula
pinguicula_cf_p_vulgaris,pinguicula_cf_p_vulgaris
pinguicula_vulgaris,pinguicula_vulgaris
pinguicula_vulgaris_type,pinguicula_vulgaris_type
pinus,pinus
pinus_cembra,pinus_cembra
pinus_cembra_type,pinus_cembra_type
pinus_cembroides,pinus_cembroides
pinus_cf_p_pinaster,pinus_cf_p_pinaster
pinus_degraded,pinus_degraded
pinus_halepensis,pinus_halepensis
pinus_halepensis_p_pinea,pinus_halepensis_p_pinea
pinus_halepensis_p_pinea_type,pinus_halepensis_p_pinea_type
pinus_halepensis_type,pinus_halepensis_type
pinus_haplostellate,pinus_haplostellate
pinus_haploxylon,pinus_haploxylon
pinus_haploxylon_type,pinus_haploxylon_type
pinus_large,pinus_large
pinus_laricio,pinus_laricio
pinus_maritima,pinus_maritima
pinus_mugo,pinus_mugo
pinus_mugo_p_sylvestris,pinus_mugo_p_sylvestris
pinus_nigra,pinus_nigra
pinus_nigra_type,pinus_nigra_type
pinus_peuce,pinus_peuce
pinus_pinaster,pinus_pinaster
pinus_pinaster_type,pinus_pinaster_type
pinus_pinea,pinus_pinea
pinus_pinea_type,pinus_pinea_type
pinus_small,pinus_small
pinus_sp,pinus_sp
pinus_strobus_type,pinus_strobus_type
pinus_subg_pinus,pinus_subg_pinus
pinus_subg_pinus_type,pinus_subg_pinus_type
pinus_subg_strobus,pinus_subg_strobus
pinus_subg_strobus_type,pinus_subg_strobus_type
pinus_sylvestris,pinus_sylvestris
pinus_sylvestris_p_mugo,pinus_sylvestris_p_mugo
pinus_sylvestris_p_nigra_type,pinus_sylvestris_p_nigra_type
pinus_sylvestris_type,pinus_sylvestris_type
pinus_type,pinus_type
pinus_undiff,pinus_undiff
pistacia,pistacia
pistacia_lentiscus,pistacia_lentiscus
pistacia_terebinthus,pistacia_terebinthus
pisum_sativum,pisum_sativum
plantaginaceae,plantaginaceae
plantaginaceae_undiff,plantaginaceae_undiff
plantago,plantago
plantago_albicans,plantago_albicans
plantago_alpina,plantago_alpina
plantago_alpina_type,plantago_alpina_type
plantago_altissima_type,plantago_altissima_type
plantago_argentea_type,plantago_argentea_type
plantago_atrata,plantago_atrata
plantago_atrata_type,plantago_atrata_type
plantago_carinata_type,plantago_carinata_type
plantago_cf_p_coronopus,plantago_cf_p_coronopus
plantago_cf_p_lanceolata,plantago_cf_p_lanceolata
plantago_cf_p_major,plantago_cf_p_major
plantago_cf_p_media,plantago_cf_p_media
plantago_coronopus,plantago_coronopus
plantago_coronopus_sensu_stricto,plantago_coronopus_sensu_stricto
plantago_coronopus_type,plantago_coronopus_type
plantago_lagopus_type,plantago_lagopus_type
plantago_lanceolata,plantago_lanceolata
plantago_lanceolata_p_lagopus,plantago_lanceolata_p_lagopus
plantago_lanceolata_type,plantago_lanceolata_type
plantago_major,plantago_major
plantago_major_p_media,plantago_major_p_media
plantago_major_p_media_type,plantago_major_p_media_type
plantago_major_type,plantago_major_type
plantago_maritima,plantago_maritima
plantago_maritima_p_alpina,plantago_maritima_p_alpina
plantago_maritima_sensu_lato,plantago_maritima_sensu_lato
plantago_maritima_sensu_stricto,plantago_maritima_sensu_stricto
plantago_maritima_subsp_serpentina,plantago_maritima_subsp_serpentina
plantago_maritima_type,plantago_maritima_type
plantago_media,plantago_media
plantago_media_p_montana,plantago_media_p_montana
plantago_media_type,plantago_media_type
plantago_montana,plantago_montana
plantago_ovata_type,plantago_ovata_type
plantago_pro_parte,plantago_pro_parte
plantago_sp,plantago_sp
plantago_subulata,plantago_subulata
plantago_subulata_type,plantago_subulata_type
plantago_tenuiflora,plantago_tenuiflora
plantago_type,plantago_type
plantago_undiff,plantago_undiff
plantago_uniflora,plantago_uniflora
platanus,platanus
platanus_orientalis,platanus_orientalis
platycarya,platycarya
pleurospermum,pleurospermum
pleurospermum_austriacum,pleurospermum_austriacum
pleurospermum_austriacum_type,pleurospermum_austriacum_type
pleurospermum_type,pleurospermum_type
plumbaginaceae,plumbaginaceae
poaceae,poaceae
poaceae_33_minus_36_mu_m,poaceae_33_minus_36_mu_m
poaceae_annulus_10_minus_12_mu_m,poaceae_annulus_10_minus_12_mu_m
poaceae_annulus_8_minus_10_mu_m,poaceae_annulus_8_minus_10_mu_m
poaceae_annulus_bigger_than_10_mu_m,poaceae_annulus_bigger_than_10_mu_m
poaceae_bigger_than_35_mu_m,poaceae_bigger_than_35_mu_m
poaceae_bigger_than_37_mu_m,poaceae_bigger_than_37_mu_m
poaceae_bigger_than_40_mu_m,poaceae_bigger_than_40_mu_m
poaceae_cerealia,poaceae_cerealia
poaceae_cerealia_37_minus_40_mu_m,poaceae_cerealia_37_minus_40_mu_m
poaceae_cerealia_40_minus_50_mu_m,poaceae_cerealia_40_minus_50_mu_m
poaceae_cerealia_bigger_than_50_mu_m,poaceae_cerealia_bigger_than_50_mu_m
poaceae_cerealia_cf_secale,poaceae_cerealia_cf_secale
poaceae_cerealia_excluding_secale,poaceae_cerealia_excluding_secale
poaceae_cerealia_type,poaceae_cerealia_type
poaceae_cerealia_type_cf_avena_triticum_group,poaceae_cerealia_type_cf_avena_triticum_group
poaceae_cerealia_type_cf_hordeum_group,poaceae_cerealia_type_cf_hordeum_group
poaceae_cerealia_type_excluding_secale,poaceae_cerealia_type_excluding_secale
poaceae_cerealia_type_indeterminable,poaceae_cerealia_type_indeterminable
poaceae_cerealia_type_undiff,poaceae_cerealia_type_undiff
poaceae_cerealia_undiff,poaceae_cerealia_undiff
poaceae_indet,poaceae_indet
poaceae_indet_type1,poaceae_indet_type1
poaceae_indet_type2,poaceae_indet_type2
poaceae_large,poaceae_large
poaceae_pro_parte,poaceae_pro_parte
poaceae_small,poaceae_small
poaceae_smaller_than_20_mu_m,poaceae_smaller_than_20_mu_m
poaceae_smaller_than_37_mu_m,poaceae_smaller_than_37_mu_m
poaceae_smaller_than_40_mu_m,poaceae_smaller_than_40_mu_m
poaceae_undiff,poaceae_undiff
poaceae_undiff_bigger_than_40_mu_m,poaceae_undiff_bigger_than_40_mu_m
poaceae_undiff_smaller_than_40_mu_m,poaceae_undiff_smaller_than_40_mu_m
podocarpus_type,podocarpus_type
polemoniaceae,polemoniaceae
polemonium,polemonium
polemonium_boreale,polemonium_boreale
polemonium_caeruleum,polemonium_caeruleum
polemonium_type,polemonium_type
polycarpon_tetraphyllum,polycarpon_tetraphyllum
polycarpon_type,polycarpon_type
polycnemum,polycnemum
polygala,polygala
polygala_comosa_type,polygala_comosa_type
polygala_type,polygala_type
polygala_vulgaris,polygala_vulgaris
polygala_vulgaris_type,polygala_vulgaris_type
polygalaceae,polygalaceae
polygonaceae,polygonaceae
polygonaceae_indet,polygonaceae_indet
polygonaceae_undiff,polygonaceae_undiff
polygonatum,polygonatum
polygonatum_odoratum_type,polygonatum_odoratum_type
polygonatum_type,polygonatum_type
polygonatum_verticillatum,polygonatum_verticillatum
polygonatum_verticillatum_type,polygonatum_verticillatum_type
polygonoideae_pro_parte,polygonoideae_pro_parte
polygonum,polygonum
polygonum_aviculare,polygonum_aviculare
polygonum_aviculare_bistorta_officinalis,polygonum_aviculare_bistorta_officinalis
polygonum_aviculare_type,polygonum_aviculare_type
polygonum_cf_p_aviculare,polygonum_cf_p_aviculare
polygonum_cognatum,polygonum_cognatum
polygonum_maritimum,polygonum_maritimum
polygonum_oxyspermum,polygonum_oxyspermum
polygonum_oxyspermum_subsp_raii,polygonum_oxyspermum_subsp_raii
polygonum_oxyspermum_type,polygonum_oxyspermum_type
polygonum_sensu_lato,polygonum_sensu_lato
polygonum_sensu_lato_undiff,polygonum_sensu_lato_undiff
polygonum_sp,polygonum_sp
polygonum_type_sensu_lato,polygonum_type_sensu_lato
polygonum_type_tricolporate,polygonum_type_tricolporate
populus,populus
populus_balsamifera_type,populus_balsamifera_type
populus_nigra,populus_nigra
populus_tremula,populus_tremula
populus_tremula_type,populus_tremula_type
portulaca,portulaca
portulaca_oleracea_type,portulaca_oleracea_type
potentilla,potentilla
potentilla_comarum,potentilla_comarum
potentilla_erecta,potentilla_erecta
potentilla_recta,potentilla_recta
potentilla_type,potentilla_type
potentilla_undiff,potentilla_undiff
poterium,poterium
poterium_sanguisorba,poterium_sanguisorba
poterium_sanguisorba_subsp_sanguisorba,poterium_sanguisorba_subsp_sanguisorba
primula,primula
primula_clusiana_type,primula_clusiana_type
primula_elatior_type,primula_elatior_type
primula_farinosa,primula_farinosa
primula_farinosa_type,primula_farinosa_type
primula_hirsuta_type,primula_hirsuta_type
primula_integrifolia_type,primula_integrifolia_type
primula_scandinavica_type,primula_scandinavica_type
primula_type,primula_type
primula_veris_type,primula_veris_type
primula_vulgaris,primula_vulgaris
primula_vulgaris_type,primula_vulgaris_type
primulaceae,primulaceae
primulaceae_undiff,primulaceae_undiff
prunella,prunella
prunella_type,prunella_type
prunella_vulgaris_type,prunella_vulgaris_type
prunus,prunus
prunus_avium_p_spinosa,prunus_avium_p_spinosa
prunus_avium_type,prunus_avium_type
prunus_cf_p_padus,prunus_cf_p_padus
prunus_dulcis_type,prunus_dulcis_type
prunus_padus,prunus_padus
prunus_sorbus,prunus_sorbus
prunus_sp,prunus_sp
prunus_spinosa,prunus_spinosa
prunus_spinosa_type,prunus_spinosa_type
prunus_type,prunus_type
prunus_undiff,prunus_undiff
pseudofumaria_lutea,pseudofumaria_lutea
pseudofumaria_lutea_type,pseudofumaria_lutea_type
pseudotsuga_menziesii,pseudotsuga_menziesii
psylliostachys_spicata,psylliostachys_spicata
pterocarya,pterocarya
pulmonaria,pulmonaria
pulmonaria_obscura,pulmonaria_obscura
pulmonaria_obscura_type,pulmonaria_obscura_type
pulmonaria_officinalis,pulmonaria_officinalis
pulmonaria_type,pulmonaria_type
pulmonaria_type_cf_anchusa_arvensis,pulmonaria_type_cf_anchusa_arvensis
punica_granatum,punica_granatum
pyrola,pyrola
pyrola_type,pyrola_type
pyrus,pyrus
pyrus_malus,pyrus_malus
pyrus_sorbus,pyrus_sorbus
pyrus_type,pyrus_type
quercus,quercus
quercus_cerris,quercus_cerris
quercus_cerris_q_suber,quercus_cerris_q_suber
quercus_cerris_type,quercus_cerris_type
quercus_cf_q_suber,quercus_cf_q_suber
quercus_coccifera,quercus_coccifera
quercus_coccifera_type,quercus_coccifera_type
quercus_deciduous,quercus_deciduous
quercus_deciduous_type,quercus_deciduous_type
quercus_evergreen,quercus_evergreen
quercus_evergreen_type,quercus_evergreen_type
quercus_faginea,quercus_faginea
quercus_faginea_type,quercus_faginea_type
quercus_frainetto,quercus_frainetto
quercus_ilex,quercus_ilex
quercus_ilex_q_coccifera,quercus_ilex_q_coccifera
quercus_ilex_q_coccifera_type,quercus_ilex_q_coccifera_type
quercus_ilex_type,quercus_ilex_type
quercus_infectoria_subsp_veneris_type,quercus_infectoria_subsp_veneris_type
quercus_ithaburensis_type,quercus_ithaburensis_type
quercus_petraea,quercus_petraea
quercus_pro_parte,quercus_pro_parte
quercus_pubescens_q_robur_type,quercus_pubescens_q_robur_type
quercus_pubescens_type,quercus_pubescens_type
quercus_pyrenaica_type,quercus_pyrenaica_type
quercus_robur,quercus_robur
quercus_robur_group,quercus_robur_group
quercus_robur_q_pubescens_type,quercus_robur_q_pubescens_type
quercus_robur_type,quercus_robur_type
quercus_rotundifolia,quercus_rotundifolia
quercus_sp,quercus_sp
quercus_suber,quercus_suber
quercus_suber_type,quercus_suber_type
quercus_undiff,quercus_undiff
radiola,radiola
radiola_linoides,radiola_linoides
ranunculaceae,ranunculaceae
ranunculaceae_pro_parte,ranunculaceae_pro_parte
ranunculaceae_type_1,ranunculaceae_type_1
ranunculaceae_type_2,ranunculaceae_type_2
ranunculaceae_undiff,ranunculaceae_undiff
ranunculus,ranunculus
ranunculus_aconitifolius,ranunculus_aconitifolius
ranunculus_aconitifolius_type,ranunculus_aconitifolius_type
ranunculus_acris,ranunculus_acris
ranunculus_acris_group,ranunculus_acris_group
ranunculus_acris_r_flammula_r_sceleratus_group,ranunculus_acris_r_flammula_r_sceleratus_group
ranunculus_acris_type,ranunculus_acris_type
ranunculus_acris_type_undiff,ranunculus_acris_type_undiff
ranunculus_arvensis,ranunculus_arvensis
ranunculus_arvensis_type,ranunculus_arvensis_type
ranunculus_asiaticus_type,ranunculus_asiaticus_type
ranunculus_flammula,ranunculus_flammula
ranunculus_flammula_group,ranunculus_flammula_group
ranunculus_flammula_type,ranunculus_flammula_type
ranunculus_fluitans_type,ranunculus_fluitans_type
ranunculus_glacialis,ranunculus_glacialis
ranunculus_glacialis_type,ranunculus_glacialis_type
ranunculus_lanuginosus,ranunculus_lanuginosus
ranunculus_lingua,ranunculus_lingua
ranunculus_lingua_type,ranunculus_lingua_type
ranunculus_repens_type,ranunculus_repens_type
ranunculus_sceleratus_r_repens,ranunculus_sceleratus_r_repens
ranunculus_sceleratus_type,ranunculus_sceleratus_type
ranunculus_sect_batrachium_type,ranunculus_sect_batrachium_type
ranunculus_sp,ranunculus_sp
ranunculus_type,ranunculus_type
ranunculus_undiff,ranunculus_undiff
reseda,reseda
reseda_lutea_type,reseda_lutea_type
reseda_luteola,reseda_luteola
reseda_sesamoides,reseda_sesamoides
reseda_type,reseda_type
resedaceae,resedaceae
rhamnaceae,rhamnaceae
rhamnaceae_undiff,rhamnaceae_undiff
rhamnus,rhamnus
rhamnus_cathartica,rhamnus_cathartica
rhamnus_cathartica_type,rhamnus_cathartica_type
rhamnus_frangula,rhamnus_frangula
rhamnus_paliurus,rhamnus_paliurus
rhamnus_type,rhamnus_type
rheum,rheum
rhinanthus,rhinanthus
rhinanthus_group,rhinanthus_group
rhinanthus_type,rhinanthus_type
rhinanthus_veronica,rhinanthus_veronica
rhodiola_rosea,rhodiola_rosea
rhododendron,rhododendron
rhododendron_subsect_ledum,rhododendron_subsect_ledum
rhododendron_tomentosum,rhododendron_tomentosum
rhododendron_type,rhododendron_type
rhus,rhus
rhus_coriaria,rhus_coriaria
rhus_coriaria_type,rhus_coriaria_type
rhus_group,rhus_group
ribes,ribes
ribes_alpinum,ribes_alpinum
ribes_cf_r_alpinum,ribes_cf_r_alpinum
ribes_rubrum_type,ribes_rubrum_type
ribes_type,ribes_type
ribes_uva_minus_crispa,ribes_uva_minus_crispa
ricinus_communis,ricinus_communis
robinia,robinia
robinia_pseudoacacia,robinia_pseudoacacia
roemeria,roemeria
roemeria_hybrida,roemeria_hybrida
rosa,rosa
rosa_canina,rosa_canina
rosa_cf_r_canina,rosa_cf_r_canina
rosa_type,rosa_type
rosaceae,rosaceae
rosaceae_cf_crataegus_type,rosaceae_cf_crataegus_type
rosaceae_cf_geum,rosaceae_cf_geum
rosaceae_cf_prunus,rosaceae_cf_prunus
rosaceae_cf_rosa_type,rosaceae_cf_rosa_type
rosaceae_cf_sorbus,rosaceae_cf_sorbus
rosaceae_herbs_undiff,rosaceae_herbs_undiff
rosaceae_pro_parte,rosaceae_pro_parte
rosaceae_trees,rosaceae_trees
rosaceae_trees_undiff,rosaceae_trees_undiff
rosaceae_type,rosaceae_type
rosaceae_type_a,rosaceae_type_a
rosaceae_type_b,rosaceae_type_b
rosaceae_undiff,rosaceae_undiff
rosmarinus,rosmarinus
rubiaceae,rubiaceae
rubiaceae_cf_galium,rubiaceae_cf_galium
rubus,rubus
rubus_arcticus,rubus_arcticus
rubus_arcticus_type,rubus_arcticus_type
rubus_cf_r_arcticus,rubus_cf_r_arcticus
rubus_cf_r_idaeus,rubus_cf_r_idaeus
rubus_cf_r_saxatilis,rubus_cf_r_saxatilis
rubus_chamaemorus,rubus_chamaemorus
rubus_chamaemorus_type,rubus_chamaemorus_type
rubus_fruticosus,rubus_fruticosus
rubus_fruticosus_type,rubus_fruticosus_type
rubus_idaeus_type,rubus_idaeus_type
rubus_saxatilis,rubus_saxatilis
rubus_sp,rubus_sp
rubus_type,rubus_type
rubus_ulmifolius_type,rubus_ulmifolius_type
rubus_undiff,rubus_undiff
rumex,rumex
rumex_acetosa,rumex_acetosa
rumex_acetosa_group,rumex_acetosa_group
rumex_acetosa_oxyria_type,rumex_acetosa_oxyria_type
rumex_acetosa_r_acetosella,rumex_acetosa_r_acetosella
rumex_acetosa_r_acetosella_type,rumex_acetosa_r_acetosella_type
rumex_acetosa_type,rumex_acetosa_type
rumex_acetosella,rumex_acetosella
rumex_acetosella_oxyria_digyna_type,rumex_acetosella_oxyria_digyna_type
rumex_acetosella_sensu_lato,rumex_acetosella_sensu_lato
rumex_acetosella_type,rumex_acetosella_type
rumex_alpinus,rumex_alpinus
rumex_alpinus_type,rumex_alpinus_type
rumex_aquaticus,rumex_aquaticus
rumex_aquaticus_type,rumex_aquaticus_type
rumex_cf_r_alpinus,rumex_cf_r_alpinus
rumex_cf_r_hydrolapathum,rumex_cf_r_hydrolapathum
rumex_cf_r_longifolius,rumex_cf_r_longifolius
rumex_cf_r_obtusifolius,rumex_cf_r_obtusifolius
rumex_conglomeratus,rumex_conglomeratus
rumex_conglomeratus_type,rumex_conglomeratus_type
rumex_crispus,rumex_crispus
rumex_crispus_type,rumex_crispus_type
rumex_hydrolapathum,rumex_hydrolapathum
rumex_longifolius,rumex_longifolius
rumex_longifolius_type,rumex_longifolius_type
rumex_maritimus_type,rumex_maritimus_type
rumex_obtusifolius,rumex_obtusifolius
rumex_obtusifolius_type,rumex_obtusifolius_type
rumex_oxyria,rumex_oxyria
rumex_oxyria_digyna,rumex_oxyria_digyna
rumex_oxyria_digyna_undiff,rumex_oxyria_digyna_undiff
rumex_sanguineus_type,rumex_sanguineus_type
rumex_scutatus,rumex_scutatus
rumex_scutatus_type,rumex_scutatus_type
rumex_sp,rumex_sp
rumex_subg_acetosa,rumex_subg_acetosa
rumex_subg_emex,rumex_subg_emex
rumex_subg_rumex,rumex_subg_rumex
rumex_subg_rumex_type,rumex_subg_rumex_type
rumex_triangulivalvis,rumex_triangulivalvis
rumex_type,rumex_type
rumex_undiff,rumex_undiff
ruta,ruta
ruta_graveolens,ruta_graveolens
sagina,sagina
sagina_apetala_type,sagina_apetala_type
sagina_cf_s_nodosa,sagina_cf_s_nodosa
sagina_nodosa,sagina_nodosa
sagina_nodosa_group,sagina_nodosa_group
sagina_procumbens_type,sagina_procumbens_type
sagina_type,sagina_type
salix,salix
salix_caprea,salix_caprea
salix_glauca_type,salix_glauca_type
salix_herbacea,salix_herbacea
salix_herbacea_type,salix_herbacea_type
salix_pentandra_type,salix_pentandra_type
salix_polaris_type,salix_polaris_type
salix_type,salix_type
salix_undiff,salix_undiff
salsola_sp,salsola_sp
salsola_type,salsola_type
salvia,salvia
salvia_pratensis_type,salvia_pratensis_type
salvia_type,salvia_type
sambucus,sambucus
sambucus_cf_s_ebulus,sambucus_cf_s_ebulus
sambucus_cf_s_nigra,sambucus_cf_s_nigra
sambucus_cf_s_racemosa,sambucus_cf_s_racemosa
sambucus_ebulus,sambucus_ebulus
sambucus_nigra,sambucus_nigra
sambucus_nigra_s_racemosa,sambucus_nigra_s_racemosa
sambucus_nigra_type,sambucus_nigra_type
sambucus_racemosa,sambucus_racemosa
sambucus_racemosa_type,sambucus_racemosa_type
sambucus_type,sambucus_type
sambucus_undiff,sambucus_undiff
sanguisorba,sanguisorba
sanguisorba_minor_type,sanguisorba_minor_type
sanguisorba_officinalis,sanguisorba_officinalis
sanguisorba_officinalis_type,sanguisorba_officinalis_type
sanguisorba_type,sanguisorba_type
sanicula,sanicula
sanicula_europaea,sanicula_europaea
sanicula_type,sanicula_type
santalaceae,santalaceae
saponaria,saponaria
saponaria_officinalis,saponaria_officinalis
sarcobatus,sarcobatus
sarcocapnos,sarcocapnos
sarcopoterium,sarcopoterium
sarcopoterium_sanguisorba_minor,sarcopoterium_sanguisorba_minor
sarcopoterium_spinosum_poterium_sanguisorba,sarcopoterium_spinosum_poterium_sanguisorba
sarcopoterium_type,sarcopoterium_type
saussurea,saussurea
saussurea_nuda,saussurea_nuda
saussurea_type,saussurea_type
saxifraga,saxifraga
saxifraga_aizoides,saxifraga_aizoides
saxifraga_aizoides_type,saxifraga_aizoides_type
saxifraga_caesia,saxifraga_caesia
saxifraga_cernua_s_rivularis,saxifraga_cernua_s_rivularis
saxifraga_cernua_type,saxifraga_cernua_type
saxifraga_cespitosa_type,saxifraga_cespitosa_type
saxifraga_cf_s_aizoides,saxifraga_cf_s_aizoides
saxifraga_cf_s_cespitosa,saxifraga_cf_s_cespitosa
saxifraga_cf_s_hirculus,saxifraga_cf_s_hirculus
saxifraga_cf_s_nivalis,saxifraga_cf_s_nivalis
saxifraga_cf_s_oppositifolia,saxifraga_cf_s_oppositifolia
saxifraga_granulata,saxifraga_granulata
saxifraga_granulata_type,saxifraga_granulata_type
saxifraga_hirculus,saxifraga_hirculus
saxifraga_hirculus_type,saxifraga_hirculus_type
saxifraga_hirsuta,saxifraga_hirsuta
saxifraga_hirsuta_type,saxifraga_hirsuta_type
saxifraga_hypnoides_type,saxifraga_hypnoides_type
saxifraga_oppositifolia,saxifraga_oppositifolia
saxifraga_oppositifolia_s_aizoides_type,saxifraga_oppositifolia_s_aizoides_type
saxifraga_oppositifolia_type,saxifraga_oppositifolia_type
saxifraga_paniculata_type,saxifraga_paniculata_type
saxifraga_rivularis,saxifraga_rivularis
saxifraga_rosacea,saxifraga_rosacea
saxifraga_rotundifolia,saxifraga_rotundifolia
saxifraga_tridactylites,saxifraga_tridactylites
saxifraga_tridactylitis_type,saxifraga_tridactylitis_type
saxifraga_type,saxifraga_type
saxifraga_undiff,saxifraga_undiff
saxifragaceae,saxifragaceae
saxifragaceae_indet,saxifragaceae_indet
saxifragaceae_undiff,saxifragaceae_undiff
scabiosa,scabiosa
scabiosa_columbaria,scabiosa_columbaria
scabiosa_columbaria_type,scabiosa_columbaria_type
scabiosa_type,scabiosa_type
scandix_pecten_minus_veneris,scandix_pecten_minus_veneris
scandix_pecten_minus_veneris_type,scandix_pecten_minus_veneris_type
sciadopitys,sciadopitys
scilla,scilla
scilla_type,scilla_type
scleranthus,scleranthus
scleranthus_annuus,scleranthus_annuus
scleranthus_annuus_type,scleranthus_annuus_type
scleranthus_cf_s_perennis,scleranthus_cf_s_perennis
scleranthus_perennis,scleranthus_perennis
scleranthus_type,scleranthus_type
scorzonera_humilis,scorzonera_humilis
scorzonera_humilis_type,scorzonera_humilis_type
scorzonera_laciniata_type,scorzonera_laciniata_type
scorzonera_type,scorzonera_type
scrophularia,scrophularia
scrophularia_canina_type,scrophularia_canina_type
scrophularia_nodosa_type,scrophularia_nodosa_type
scrophularia_type,scrophularia_type
scrophularia_umbrosa,scrophularia_umbrosa
scrophularia_verbascum,scrophularia_verbascum
scrophulariaceae,scrophulariaceae
scrophulariaceae_pro_parte,scrophulariaceae_pro_parte
scrophulariaceae_undiff,scrophulariaceae_undiff
scutellaria,scutellaria
scutellaria_cf_s_galericulata,scutellaria_cf_s_galericulata
scutellaria_type,scutellaria_type
secale,secale
secale_cereale,secale_cereale
secale_primitive,secale_primitive
secale_type,secale_type
sedum,sedum
sedum_acre,sedum_acre
sedum_acre_type,sedum_acre_type
sedum_album_type,sedum_album_type
sedum_rhodiola_cf_r_rosea,sedum_rhodiola_cf_r_rosea
sedum_type,sedum_type
selinum_carvifolia,selinum_carvifolia
selinum_carvifolia_type,selinum_carvifolia_type
sempervivum,sempervivum
senecio,senecio
senecio_aster,senecio_aster
senecio_sp,senecio_sp
senecio_type,senecio_type
sequoia,sequoia
serratula,serratula
serratula_type,serratula_type
sesamoides,sesamoides
seseli,seseli
seseli_libanotis_type,seseli_libanotis_type
seseli_type,seseli_type
sibbaldia,sibbaldia
sideritis,sideritis
sideritis_tetracolpate,sideritis_tetracolpate
silaum_silaus,silaum_silaus
silaum_silaus_type,silaum_silaus_type
silene,silene
silene_acaulis,silene_acaulis
silene_acaulis_type,silene_acaulis_type
silene_cf_s_acaulis,silene_cf_s_acaulis
silene_ciliata_type,silene_ciliata_type
silene_dioica,silene_dioica
silene_dioica_type,silene_dioica_type
silene_flos_minus_cuculi,silene_flos_minus_cuculi
silene_foetida_type,silene_foetida_type
silene_nutans,silene_nutans
silene_type,silene_type
silene_type_undiff,silene_type_undiff
silene_undiff,silene_undiff
silene_uniflora_subsp_uniflora_type,silene_uniflora_subsp_uniflora_type
silene_viscaria,silene_viscaria
silene_viscaria_type,silene_viscaria_type
silene_vulgaris,silene_vulgaris
silene_vulgaris_group,silene_vulgaris_group
silene_vulgaris_type,silene_vulgaris_type
sileneae,sileneae
silenoideae_type,silenoideae_type
simethis_planifolia,simethis_planifolia
sinapis,sinapis
sinapis_type,sinapis_type
sison_amomum,sison_amomum
sison_amomum_type,sison_amomum_type
sison_segetum_type,sison_segetum_type
sium,sium
sium_latifolium,sium_latifolium
sium_latifolium_type,sium_latifolium_type
sium_type,sium_type
smilax,smilax
smyrnium,smyrnium
smyrnium_type,smyrnium_type
solanaceae,solanaceae
solanum,solanum
solanum_dulcamara,solanum_dulcamara
solanum_dulcamara_sedum,solanum_dulcamara_sedum
solanum_dulcamara_type,solanum_dulcamara_type
solanum_nigrum,solanum_nigrum
solanum_nigrum_type,solanum_nigrum_type
solanum_sp,solanum_sp
solanum_type,solanum_type
soldanella,soldanella
solenanthus_type,solenanthus_type
solidago,solidago
solidago_saussurea,solidago_saussurea
solidago_type,solidago_type
solidago_type_saussurea_type,solidago_type_saussurea_type
solidago_virgaurea_type,solidago_virgaurea_type
sonchus,sonchus
sonchus_type,sonchus_type
sorbus,sorbus
sorbus_aria,sorbus_aria
sorbus_aria_type,sorbus_aria_type
sorbus_aucuparia,sorbus_aucuparia
sorbus_aucuparia_type,sorbus_aucuparia_type
sorbus_cf_s_aucuparia,sorbus_cf_s_aucuparia
sorbus_group,sorbus_group
sorbus_sp,sorbus_sp
sorbus_torminalis,sorbus_torminalis
sorbus_type,sorbus_type
spartium,spartium
spartium_junceum,spartium_junceum
spergula,spergula
spergula_arvensis,spergula_arvensis
spergula_arvensis_type,spergula_arvensis_type
spergula_spergularia,spergula_spergularia
spergula_type,spergula_type
spergularia,spergularia
spergularia_sp,spergularia_sp
spergularia_type,spergularia_type
spermatophyta_undiff_cf_upland_herbs,spermatophyta_undiff_cf_upland_herbs
spermatophyta_undiff_deciduous_trees,spermatophyta_undiff_deciduous_trees
spermatophyta_undiff_shrubs,spermatophyta_undiff_shrubs
spermatophyta_undiff_trees_shrubs,spermatophyta_undiff_trees_shrubs
spermatophyta_undiff_upland_herbs,spermatophyta_undiff_upland_herbs
sphagnum_type,sphagnum_type
spiraea,spiraea
spiraea_type,spiraea_type
stachys,stachys
stachys_palustris,stachys_palustris
stachys_sylvatica,stachys_sylvatica
stachys_sylvatica_type,stachys_sylvatica_type
stachys_type,stachys_type
staphylea,staphylea
staphylea_pinnata,staphylea_pinnata
stellaria,stellaria
stellaria_cf_s_holostea,stellaria_cf_s_holostea
stellaria_cf_s_media,stellaria_cf_s_media
stellaria_cf_s_nemorum,stellaria_cf_s_nemorum
stellaria_cf_s_palustris,stellaria_cf_s_palustris
stellaria_graminea,stellaria_graminea
stellaria_holostea,stellaria_holostea
stellaria_holostea_type,stellaria_holostea_type
stellaria_palustris,stellaria_palustris
stellaria_type,stellaria_type
stellaria_undiff,stellaria_undiff
streptopus_amplexifolius,streptopus_amplexifolius
styrax,styrax
suaeda,suaeda
succisa,succisa
succisa_pratensis,succisa_pratensis
succisa_pratensis_type,succisa_pratensis_type
succisa_type,succisa_type
swertia,swertia
swertia_perennis,swertia_perennis
symphoricarpos,symphoricarpos
symphytum,symphytum
symphytum_officinale,symphytum_officinale
symphytum_officinale_type,symphytum_officinale_type
symphytum_type,symphytum_type
symplocos,symplocos
syringa,syringa
syringa_vulgaris,syringa_vulgaris
tamarix,tamarix
taraxacum,taraxacum
taraxacum_officinale,taraxacum_officinale
taraxacum_officinale_group,taraxacum_officinale_group
taraxacum_type,taraxacum_type
taxodium,taxodium
taxus,taxus
taxus_baccata,taxus_baccata
teucrium,teucrium
teucrium_chamaedrys,teucrium_chamaedrys
teucrium_chamaedrys_type,teucrium_chamaedrys_type
teucrium_pyrenaicum_type,teucrium_pyrenaicum_type
teucrium_type,teucrium_type
thalictrum,thalictrum
thalictrum_aquilegiifolium,thalictrum_aquilegiifolium
thalictrum_flavum,thalictrum_flavum
thalictrum_flavum_type,thalictrum_flavum_type
thalictrum_lucidum,thalictrum_lucidum
thalictrum_minus,thalictrum_minus
thalictrum_sp,thalictrum_sp
thalictrum_type,thalictrum_type
thalictrum_undiff,thalictrum_undiff
theligonum,theligonum
theligonum_cynocrambe,theligonum_cynocrambe
thesium,thesium
thesium_type,thesium_type
thymelaea,thymelaea
thymelaeaceae,thymelaeaceae
thymus,thymus
thymus_mentha,thymus_mentha
thymus_mentha_type,thymus_mentha_type
thymus_type,thymus_type
tilia,tilia
tilia_americana,tilia_americana
tilia_cordata,tilia_cordata
tilia_cordata_t_platyphyllos,tilia_cordata_t_platyphyllos
tilia_cordata_type,tilia_cordata_type
tilia_platyphyllos,tilia_platyphyllos
tilia_platyphyllos_type,tilia_platyphyllos_type
tilia_undiff,tilia_undiff
tofieldia,tofieldia
tofieldia_pusilla,tofieldia_pusilla
tordylium_maximum,tordylium_maximum
torilis,torilis
torilis_arvensis,torilis_arvensis
torilis_arvensis_type,torilis_arvensis_type
torilis_japonica,torilis_japonica
torilis_japonica_type,torilis_japonica_type
torilis_nodosa,torilis_nodosa
torilis_nodosa_type,torilis_nodosa_type
tozzia_alpina,tozzia_alpina
trachomitum,trachomitum
trachycarpus_fortunei,trachycarpus_fortunei
tragopogon_type,tragopogon_type
tribulus_terrestris,tribulus_terrestris
trientalis,trientalis
trientalis_europaea,trientalis_europaea
trifolium,trifolium
trifolium_alpinum_type,trifolium_alpinum_type
trifolium_angustifolium_t_hirtum,trifolium_angustifolium_t_hirtum
trifolium_arvense,trifolium_arvense
trifolium_badium_type,trifolium_badium_type
trifolium_montanum_type,trifolium_montanum_type
trifolium_pannonicum,trifolium_pannonicum
trifolium_pratense,trifolium_pratense
trifolium_pratense_type,trifolium_pratense_type
trifolium_repens,trifolium_repens
trifolium_repens_type,trifolium_repens_type
trifolium_spadiceum,trifolium_spadiceum
trifolium_striatum_type,trifolium_striatum_type
trifolium_type,trifolium_type
trifolium_undiff,trifolium_undiff
trinia_glauca,trinia_glauca
trinia_glauca_type,trinia_glauca_type
tripolium_pannonicum_subsp_tripolium_type,tripolium_pannonicum_subsp_tripolium_type
triticum,triticum
triticum_aestivum,triticum_aestivum
triticum_spelta_type,triticum_spelta_type
triticum_type,triticum_type
triticum_undiff,triticum_undiff
trollius,trollius
trollius_europaeus,trollius_europaeus
trollius_europaeus_type,trollius_europaeus_type
trollius_type,trollius_type
tsuga,tsuga
tsuga_diversifolia_type,tsuga_diversifolia_type
tsuga_heterophylla,tsuga_heterophylla
tsuga_type,tsuga_type
tuberaria,tuberaria
tuberaria_guttata,tuberaria_guttata
tuberaria_lignosa,tuberaria_lignosa
turgenia_latifolia,turgenia_latifolia
turgenia_latifolia_type,turgenia_latifolia_type
turgenia_type,turgenia_type
tussilago,tussilago
tussilago_farfara,tussilago_farfara
tussilago_type,tussilago_type
ulex,ulex
ulex_cytisus_sect_spartopsis,ulex_cytisus_sect_spartopsis
ulex_cytisus_sect_spartopsis_type,ulex_cytisus_sect_spartopsis_type
ulex_cytisus_type,ulex_cytisus_type
ulex_type,ulex_type
ulmaceae,ulmaceae
ulmus,ulmus
ulmus_corroded,ulmus_corroded
ulmus_glabra,ulmus_glabra
ulmus_glabra_type,ulmus_glabra_type
ulmus_laevis,ulmus_laevis
ulmus_minor,ulmus_minor
ulmus_zelkova,ulmus_zelkova
umbilicus_rupestris,umbilicus_rupestris
umbilicus_rupestris_type,umbilicus_rupestris_type
urtica,urtica
urtica_atrovirens,urtica_atrovirens
urtica_cf_u_dioica,urtica_cf_u_dioica
urtica_dioica,urtica_dioica
urtica_dioica_type,urtica_dioica_type
urtica_membranacea_type,urtica_membranacea_type
urtica_parietaria,urtica_parietaria
urtica_pilulifera,urtica_pilulifera
urtica_pilulifera_type,urtica_pilulifera_type
urtica_type,urtica_type
urtica_undiff,urtica_undiff
urtica_urens,urtica_urens
urticaceae,urticaceae
urticalean_rosids,urticalean_rosids
vaccaria_hispanica,vaccaria_hispanica
vaccinioideae,vaccinioideae
vaccinium,vaccinium
vaccinium_cf_v_uliginosum,vaccinium_cf_v_uliginosum
vaccinium_group,vaccinium_group
vaccinium_myrtillus,vaccinium_myrtillus
vaccinium_myrtillus_type,vaccinium_myrtillus_type
vaccinium_oxycoccos,vaccinium_oxycoccos
vaccinium_sect_vitis_minus_idaea,vaccinium_sect_vitis_minus_idaea
vaccinium_sp,vaccinium_sp
vaccinium_type,vaccinium_type
vaccinium_uliginosum,vaccinium_uliginosum
vaccinium_vitis_minus_idaea,vaccinium_vitis_minus_idaea
valeriana,valeriana
valeriana_celtica_type,valeriana_celtica_type
valeriana_dioica,valeriana_dioica
valeriana_dioica_subsp_simplicifolia,valeriana_dioica_subsp_simplicifolia
valeriana_dioica_type,valeriana_dioica_type
valeriana_excelsa_subsp_sambucifolia_type,valeriana_excelsa_subsp_sambucifolia_type
valeriana_officinalis,valeriana_officinalis
valeriana_officinalis_type,valeriana_officinalis_type
valeriana_tripteris,valeriana_tripteris
valeriana_tripteris_type,valeriana_tripteris_type
valeriana_tuberosa,valeriana_tuberosa
valeriana_type,valeriana_type
valeriana_undiff,valeriana_undiff
valerianaceae_undiff,valerianaceae_undiff
valerianella,valerianella
valerianella_dentata,valerianella_dentata
valerianella_locusta_type,valerianella_locusta_type
valerianella_type,valerianella_type
valerianoideae,valerianoideae
veratrum,veratrum
veratrum_album,veratrum_album
veratrum_type,veratrum_type
verbascum,verbascum
verbascum_pulverulentum_type,verbascum_pulverulentum_type
verbascum_type,verbascum_type
verbena,verbena
verbena_officinalis,verbena_officinalis
verbena_type,verbena_type
verbenaceae,verbenaceae
veronica,veronica
veronica_type,veronica_type
viburnum,viburnum
viburnum_cf_v_opulus,viburnum_cf_v_opulus
viburnum_lantana,viburnum_lantana
viburnum_lantana_type,viburnum_lantana_type
viburnum_opulus,viburnum_opulus
viburnum_opulus_type,viburnum_opulus_type
viburnum_opulus_v_tinus,viburnum_opulus_v_tinus
viburnum_tinus,viburnum_tinus
viburnum_type,viburnum_type
viburnum_undiff,viburnum_undiff
vicia,vicia
vicia_cf_v_cracca,vicia_cf_v_cracca
vicia_cf_v_faba,vicia_cf_v_faba
vicia_cracca,vicia_cracca
vicia_cracca_type,vicia_cracca_type
vicia_faba,vicia_faba
vicia_faba_type,vicia_faba_type
vicia_hirsuta_v_tetrasperma,vicia_hirsuta_v_tetrasperma
vicia_lathyrus,vicia_lathyrus
vicia_lathyrus_type,vicia_lathyrus_type
vicia_sylvatica,vicia_sylvatica
vicia_sylvatica_type,vicia_sylvatica_type
vicia_type,vicia_type
vicia_type_sensu_stricto,vicia_type_sensu_stricto
vincetoxicum,vincetoxicum
viola,viola
viola_arvensis,viola_arvensis
viola_arvensis_type,viola_arvensis_type
viola_canina_type,viola_canina_type
viola_odorata_type,viola_odorata_type
viola_riviniana,viola_riviniana
viola_tricolor,viola_tricolor
viola_tricolor_type,viola_tricolor_type
violaceae,violaceae
viscum,viscum
viscum_album,viscum_album
viscum_album_sensu_lato,viscum_album_sensu_lato
viscum_album_type,viscum_album_type
vitex,vitex
vitex_agnus_minus_castus,vitex_agnus_minus_castus
vitis,vitis
vitis_sylvestris_vinifera,vitis_sylvestris_vinifera
vitis_vinifera,vitis_vinifera
withania,withania
xanthium,xanthium
xanthium_spinosum_type,xanthium_spinosum_type
xanthium_type,xanthium_type
xeranthemum,xeranthemum
zea,zea
zea_mays,zea_mays
zea_mays_type,zea_mays_type
zelkova,zelkova
ziziphus,ziziphus
zygophyllum,zygophyllum
