taxon_name,level_1
abatia,abatia
abies,abies
abuta,abuta
abuta_racemosa,abuta_racemosa
abutilon,abutilon
acacia,acacia
acacia_inga,acacia_inga
acacia_type,acacia_type
acaena,acaena
acaena_type,acaena_type
acalypha,acalypha
acalypha_4_minus_5_porate,acalypha_4_minus_5_porate
acalypha_diporate,acalypha_diporate
acalypha_pentaporate,acalypha_pentaporate
acalypha_sp,acalypha_sp
acalypha_tetraporate,acalypha_tetraporate
acalypha_triporate,acalypha_triporate
acalypha_type_1,acalypha_type_1
acalypha_type_2,acalypha_type_2
acalypha_undiff,acalypha_undiff
acanthaceae,acanthaceae
acanthaceae_type_1_cf_acanthus,acanthaceae_type_1_cf_acanthus
acanthaceae_undiff,acanthaceae_undiff
acer,acer
achyranthes,achyranthes
aciotis,aciotis
acnistus,acnistus
acrisione,acrisione
actinostemon,actinostemon
actinostemon_concolor,actinostemon_concolor
adelobotrys,adelobotrys
adelobotrys_type,adelobotrys_type
adenopeltis,adenopeltis
adesmia,adesmia
adiscanthus,adiscanthus
aechmea,aechmea
aegiphila,aegiphila
aegiphila_type,aegiphila_type
aeschynomene,aeschynomene
aetanthus,aetanthus
aextoxicon_punctatum,aextoxicon_punctatum
aff_astronium,aff_astronium
aff_casuarina,aff_casuarina
aff_colubrina,aff_colubrina
aff_corylus,aff_corylus
aff_dalechampia,aff_dalechampia
aff_fissicalyx,aff_fissicalyx
aff_gaylussacia,aff_gaylussacia
aff_malvaceae,aff_malvaceae
aff_melanoxylon,aff_melanoxylon
aff_miconia,aff_miconia
aff_posoqueria,aff_posoqueria
aff_trichilia,aff_trichilia
aff_triumfetta,aff_triumfetta
aff_viola,aff_viola
agarista,agarista
agave_sp,agave_sp
agavoideae,agavoideae
alchornea,alchornea
alchornea_conceveibum,alchornea_conceveibum
alchornea_didymopanax,alchornea_didymopanax
alchornea_latifolia,alchornea_latifolia
alchornea_type,alchornea_type
alchornea_type_1,alchornea_type_1
alchornea_type_2,alchornea_type_2
alchornea_type_3,alchornea_type_3
alchornea_type_4,alchornea_type_4
alchornea_type_6,alchornea_type_6
alchornea_type_a,alchornea_type_a
alchornea_type_b,alchornea_type_b
alchorneopsis,alchorneopsis
alchorneopsis_floribunda,alchorneopsis_floribunda
aldina,aldina
alibertia,alibertia
alibertia_amaioua,alibertia_amaioua
alibertia_type,alibertia_type
allophylus,allophylus
allophylus_type,allophylus_type
alnus,alnus
alnus_acuminata,alnus_acuminata
alnus_glutinosa,alnus_glutinosa
aloysia,aloysia
alseis,alseis
alstroemeria,alstroemeria
alternanthera,alternanthera
alternanthera_sessilis,alternanthera_sessilis
alternanthera_type,alternanthera_type
alternanthera_type_1,alternanthera_type_1
alternanthera_type_ii,alternanthera_type_ii
alvaradoa,alvaradoa
amaioua,amaioua
amanoa,amanoa
amaranthaceae,amaranthaceae
amaranthaceae_sensu_stricto,amaranthaceae_sensu_stricto
amaranthaceae_small,amaranthaceae_small
amaranthaceae_sp,amaranthaceae_sp
amaranthaceae_type_1,amaranthaceae_type_1
amaranthaceae_type_a,amaranthaceae_type_a
amaranthaceae_type_b,amaranthaceae_type_b
amaranthaceae_type_i,amaranthaceae_type_i
amaranthaceae_type_ii,amaranthaceae_type_ii
amaranthaceae_undiff,amaranthaceae_undiff
amaranthus,amaranthus
amaranthus_type,amaranthus_type
amaranthus_type_1,amaranthus_type_1
amaranthus_undiff,amaranthus_undiff
amaryllidaceae,amaryllidaceae
amaryllis,amaryllis
ambrosia,ambrosia
ambrosia_type,ambrosia_type
amorpha,amorpha
amyris,amyris
anacardiaceae,anacardiaceae
anacardiaceae_20_mu_m,anacardiaceae_20_mu_m
anacardiaceae_cf_loxopterygium,anacardiaceae_cf_loxopterygium
anacardiaceae_cf_schinus,anacardiaceae_cf_schinus
anacardiaceae_cf_spondias,anacardiaceae_cf_spondias
anacardiaceae_type_16,anacardiaceae_type_16
anacardiaceae_type_19,anacardiaceae_type_19
anacardiaceae_type_20,anacardiaceae_type_20
anacardiaceae_type_25,anacardiaceae_type_25
anacardiaceae_type_30,anacardiaceae_type_30
anacardiaceae_type_35,anacardiaceae_type_35
anacardiaceae_type_i,anacardiaceae_type_i
anacardiaceae_type_ii,anacardiaceae_type_ii
anacardiaceae_type_iii,anacardiaceae_type_iii
anacardiaceae_undiff,anacardiaceae_undiff
anacardium,anacardium
anacardium_type,anacardium_type
anadenanthera,anadenanthera
anadenanthera_polyad_type_16,anadenanthera_polyad_type_16
anadenanthera_polyad_type_8,anadenanthera_polyad_type_8
anadenanthera_type_1,anadenanthera_type_1
anadenanthera_type_2,anadenanthera_type_2
anastraphia_northropiana,anastraphia_northropiana
andira,andira
andira_type,andira_type
andradea,andradea
anemone,anemone
anemopaegma,anemopaegma
aniseia,aniseia
aniseia_type,aniseia_type
annona,annona
annona_sp,annona_sp
annona_type,annona_type
annona_type_1,annona_type_1
annona_type_2,annona_type_2
annona_type_a,annona_type_a
annona_type_b,annona_type_b
annonaceae,annonaceae
annonaceae_cf_annona,annonaceae_cf_annona
annonaceae_undiff,annonaceae_undiff
anomospermum,anomospermum
anthodiscus,anthodiscus
anthodon,anthodon
anthurium,anthurium
anthurium_cf_a_pentaphyllum,anthurium_cf_a_pentaphyllum
anthurium_type_1,anthurium_type_1
anthurium_type_2,anthurium_type_2
antidaphne,antidaphne
antidaphne_type,antidaphne_type
antigonon,antigonon
antirhea,antirhea
antirhea_myrtifolia,antirhea_myrtifolia
apeiba,apeiba
apeiba_tibourbou,apeiba_tibourbou
apeiba_type,apeiba_type
aphelandra,aphelandra
aphelandra_type,aphelandra_type
aphelandra_type_1,aphelandra_type_1
aphelandra_type_2,aphelandra_type_2
apiaceae,apiaceae
apiaceae_cf_anethum,apiaceae_cf_anethum
apiaceae_cf_apium,apiaceae_cf_apium
apiaceae_large,apiaceae_large
apiaceae_type_2,apiaceae_type_2
apiaceae_type_555_kuhry_1988,apiaceae_type_555_kuhry_1988
apiaceae_type_i,apiaceae_type_i
apiaceae_type_ii,apiaceae_type_ii
apiaceae_type_iii,apiaceae_type_iii
apiaceae_undiff,apiaceae_undiff
apium,apium
apium_type,apium_type
apocynaceae,apocynaceae
apocynaceae_aff_secondatia,apocynaceae_aff_secondatia
apocynaceae_triporate,apocynaceae_triporate
apocynaceae_type_a,apocynaceae_type_a
apocynaceae_type_b,apocynaceae_type_b
apocynaceae_type_c,apocynaceae_type_c
apocynaceae_type_tetraporate,apocynaceae_type_tetraporate
apocynaceae_undiff,apocynaceae_undiff
apodasmia,apodasmia
apoplanesia,apoplanesia
apuleia,apuleia
apuleia_leiocarpa,apuleia_leiocarpa
apuleia_type,apuleia_type
aquifoliaceae_undiff,aquifoliaceae_undiff
araceae,araceae
araceae_cf_anthurium_type,araceae_cf_anthurium_type
araceae_sulcate,araceae_sulcate
araceae_type_1,araceae_type_1
araceae_type_2,araceae_type_2
araceae_type_3,araceae_type_3
araceae_type_i,araceae_type_i
araceae_type_ii,araceae_type_ii
araceae_undiff,araceae_undiff
aragoa,aragoa
aralia,aralia
araliaceae,araliaceae
araliaceae_cf_didymopanax,araliaceae_cf_didymopanax
araliaceae_cf_oreopanax,araliaceae_cf_oreopanax
araliaceae_type_1,araliaceae_type_1
araliaceae_type_2,araliaceae_type_2
araliaceae_undiff,araliaceae_undiff
araucaria,araucaria
araucaria_angustifolia,araucaria_angustifolia
arceuthobium,arceuthobium
arcytophyllum,arcytophyllum
ardisia,ardisia
arecaceae,arecaceae
arecaceae_bromeliaceae,arecaceae_bromeliaceae
arecaceae_cf_desmoncus,arecaceae_cf_desmoncus
arecaceae_cf_euterpe,arecaceae_cf_euterpe
arecaceae_cf_geonoma,arecaceae_cf_geonoma
arecaceae_cf_oenocarpus,arecaceae_cf_oenocarpus
arecaceae_cf_phytelephas,arecaceae_cf_phytelephas
arecaceae_echinate,arecaceae_echinate
arecaceae_monocolpate,arecaceae_monocolpate
arecaceae_pro_parte,arecaceae_pro_parte
arecaceae_reticulate,arecaceae_reticulate
arecaceae_tricolpate,arecaceae_tricolpate
arecaceae_type,arecaceae_type
arecaceae_type_1,arecaceae_type_1
arecaceae_type_2,arecaceae_type_2
arecaceae_type_3,arecaceae_type_3
arecaceae_type_5,arecaceae_type_5
arecaceae_type_a,arecaceae_type_a
arecaceae_type_b,arecaceae_type_b
arecaceae_type_c,arecaceae_type_c
arecaceae_type_d,arecaceae_type_d
arecaceae_type_i,arecaceae_type_i
arecaceae_type_ii,arecaceae_type_ii
arecaceae_type_iii,arecaceae_type_iii
arecaceae_type_iv,arecaceae_type_iv
arecaceae_type_v,arecaceae_type_v
arecaceae_undiff,arecaceae_undiff
arenaria,arenaria
aristolochia,aristolochia
aristotelia,aristotelia
aristotelia_chilensis,aristotelia_chilensis
arjona,arjona
armeria,armeria
armeria_type,armeria_type
arrabidaea,arrabidaea
arrabidaea_type,arrabidaea_type
arrabidaea_type_1,arrabidaea_type_1
arrabidaea_type_2,arrabidaea_type_2
artemisia,artemisia
artemisia_gochnatia,artemisia_gochnatia
artemisia_type,artemisia_type
asclepiadeae,asclepiadeae
aspidosperma,aspidosperma
aspidosperma_aff_a_album,aspidosperma_aff_a_album
aspidosperma_type,aspidosperma_type
aspilia,aspilia
astelia_pumila,astelia_pumila
asteraceae,asteraceae
asteraceae_baculate,asteraceae_baculate
asteraceae_cf_mutisia,asteraceae_cf_mutisia
asteraceae_cf_perezia,asteraceae_cf_perezia
asteraceae_clavate,asteraceae_clavate
asteraceae_high_spine,asteraceae_high_spine
asteraceae_large,asteraceae_large
asteraceae_low_spine,asteraceae_low_spine
asteraceae_type_1,asteraceae_type_1
asteraceae_undiff,asteraceae_undiff
asterales,asterales
asteroideae,asteroideae
asteroideae_high_spine,asteroideae_high_spine
asteroideae_long_spine,asteroideae_long_spine
asteroideae_low_spine,asteroideae_low_spine
asteroideae_short_spine,asteroideae_short_spine
asteroideae_type_i,asteroideae_type_i
asteroideae_type_ii,asteroideae_type_ii
asteroideae_undiff,asteroideae_undiff
astrocaryum,astrocaryum
astronium,astronium
astronium_concinnum,astronium_concinnum
astronium_fraxinifolium,astronium_fraxinifolium
astronium_fraxinifolium_type_3,astronium_fraxinifolium_type_3
astronium_fraxinifolium_type_5,astronium_fraxinifolium_type_5
astronium_type,astronium_type
austrocedrus,austrocedrus
austrocedrus_chilensis_type,austrocedrus_chilensis_type
avicennia,avicennia
avicennia_germinans,avicennia_germinans
ayenia,ayenia
azara,azara
azorella,azorella
baccharis,baccharis
baccharis_type,baccharis_type
bactris,bactris
bactris_type,bactris_type
balanophoraceae_cf_langsdorffia,balanophoraceae_cf_langsdorffia
balbisia,balbisia
balfourodendron,balfourodendron
banara,banara
banara_guianensis,banara_guianensis
banara_type,banara_type
banara_xylosma,banara_xylosma
banara_xylosma_type,banara_xylosma_type
banisteriopsis,banisteriopsis
bartsia_type,bartsia_type
bathysa,bathysa
batis,batis
bauhinia,bauhinia
bauhinia_bicuspidata_type,bauhinia_bicuspidata_type
bauhinia_type,bauhinia_type
begonia,begonia
begonia_fischeri,begonia_fischeri
begonia_guaduensis,begonia_guaduensis
begonia_type,begonia_type
begonia_undiff,begonia_undiff
begoniaceae,begoniaceae
belangera,belangera
berberidaceae,berberidaceae
berberis,berberis
bernardia_cf_b_pulchella,bernardia_cf_b_pulchella
bertiera,bertiera
betulaceae,betulaceae
bignonia,bignonia
bignonia_cf_b_neoheterophylla,bignonia_cf_b_neoheterophylla
bignonia_type,bignonia_type
bignoniaceae,bignoniaceae
bignoniaceae_undiff,bignoniaceae_undiff
billia,billia
bistorta_officinalis_type,bistorta_officinalis_type
blepharandra,blepharandra
blepharandra_byrsonima,blepharandra_byrsonima
blepharodon,blepharodon
bocconia,bocconia
bocconia_type,bocconia_type
bocoa,bocoa
boehmeria,boehmeria
bolax,bolax
bomarea,bomarea
bomarea_type,bomarea_type
bombacoideae,bombacoideae
bombacoideae_undiff,bombacoideae_undiff
bombacopsis,bombacopsis
bombacopsis_type,bombacopsis_type
bombax_type_2,bombax_type_2
bombax_undiff,bombax_undiff
bonamia,bonamia
bonnetia,bonnetia
boraginaceae,boraginaceae
boraginaceae_type_1,boraginaceae_type_1
boraginaceae_undiff,boraginaceae_undiff
boraginales_cf_cordia,boraginales_cf_cordia
borismene,borismene
bowdichia,bowdichia
brassica,brassica
brassica_type_1,brassica_type_1
brassicaceae,brassicaceae
brassicaceae_27_mu_m,brassicaceae_27_mu_m
brassicaceae_undiff,brassicaceae_undiff
bravaisia,bravaisia
bravaisia_berlandieriana,bravaisia_berlandieriana
brickellia,brickellia
bromelia,bromelia
bromeliaceae,bromeliaceae
bromeliaceae_cf_puya,bromeliaceae_cf_puya
bromeliaceae_type_1,bromeliaceae_type_1
bromeliaceae_type_2,bromeliaceae_type_2
bromeliaceae_undiff,bromeliaceae_undiff
brosimum,brosimum
brosimum_alicastrum,brosimum_alicastrum
brosimum_alicastrum_ssp_bolivarense,brosimum_alicastrum_ssp_bolivarense
browneopsis_ucayalina_smaller,browneopsis_ucayalina_smaller
brunellia,brunellia
brunellia_type,brunellia_type
buchnera,buchnera
buddleja,buddleja
buddleja_type,buddleja_type
bumelia,bumelia
bumelia_type,bumelia_type
bunchosia,bunchosia
bunchosia_type,bunchosia_type
burmannia,burmannia
bursera,bursera
bursera_simaruba,bursera_simaruba
bursera_type,bursera_type
burseraceae,burseraceae
burseraceae_cf_protium,burseraceae_cf_protium
burseraceae_undiff,burseraceae_undiff
buxaceae,buxaceae
buxus,buxus
buxus_bahamensis,buxus_bahamensis
byrsonima,byrsonima
byrsonima_lucida,byrsonima_lucida
byrsonima_type,byrsonima_type
byrsonima_type_1,byrsonima_type_1
byttneria,byttneria
byttneria_type,byttneria_type
cabralea,cabralea
cactaceae,cactaceae
cactaceae_type,cactaceae_type
caesalpinia,caesalpinia
caesalpinia_bahamensis,caesalpinia_bahamensis
caesalpinia_cenostigma,caesalpinia_cenostigma
caesalpinioideae,caesalpinioideae
caesalpinioideae_18_mu_m,caesalpinioideae_18_mu_m
caesalpinioideae_26_mu_m,caesalpinioideae_26_mu_m
caesalpinioideae_cf_senna,caesalpinioideae_cf_senna
caesalpinioideae_type_22,caesalpinioideae_type_22
caesalpinioideae_undiff,caesalpinioideae_undiff
cajanus_type,cajanus_type
calandrinia,calandrinia
calathea_type_1,calathea_type_1
calathea_type_2,calathea_type_2
calceolaria,calceolaria
calceolaria_type,calceolaria_type
calliandra,calliandra
calophyllum,calophyllum
calycera,calycera
calyceraceae,calyceraceae
calycobolus,calycobolus
calycolpus,calycolpus
calyptrocarya,calyptrocarya
campanula,campanula
campanulaceae,campanulaceae
campanulaceae_type,campanulaceae_type
campanulaceae_undiff,campanulaceae_undiff
campnosperma,campnosperma
campomanesia,campomanesia
canavalia_type,canavalia_type
canna,canna
capparaceae,capparaceae
capparis,capparis
capparis_type,capparis_type
capraria,capraria
caprifoliaceae,caprifoliaceae
capsicum,capsicum
caraipa,caraipa
carapa,carapa
cardiospermum,cardiospermum
carduoideae,carduoideae
cariniana,cariniana
carludovica,carludovica
caryocar,caryocar
caryocar_brasiliense,caryocar_brasiliense
caryocaraceae,caryocaraceae
caryodendron,caryodendron
caryophyllaceae,caryophyllaceae
caryophyllaceae_undiff,caryophyllaceae_undiff
casasia,casasia
casearia,casearia
casearia_cf_c_arborea,casearia_cf_c_arborea
casearia_cf_c_commersoniana,casearia_cf_c_commersoniana
casearia_cf_c_sylvestris,casearia_cf_c_sylvestris
casearia_reticulate,casearia_reticulate
casearia_type,casearia_type
casearia_type_1,casearia_type_1
cassia,cassia
cassia_type,cassia_type
cassia_type_2,cassia_type_2
cassiope,cassiope
castanea,castanea
castela,castela
castilla_elastica,castilla_elastica
castilla_type,castilla_type
castilleja,castilleja
casuarina,casuarina
catostemma,catostemma
cavanillesia,cavanillesia
cayaponia,cayaponia
cayaponia_type,cayaponia_type
cecropia,cecropia
cecropia_type,cecropia_type
cecropia_type_1,cecropia_type_1
cecropia_type_2,cecropia_type_2
cedrela,cedrela
cedrela_cf_c_fissilis,cedrela_cf_c_fissilis
ceiba,ceiba
celastraceae,celastraceae
celtis,celtis
celtis_iguanaea,celtis_iguanaea
celtis_tetraporate,celtis_tetraporate
celtis_type,celtis_type
celtis_type_1,celtis_type_1
celtis_type_2,celtis_type_2
celtis_type_3,celtis_type_3
celtis_type_4,celtis_type_4
celtis_undiff,celtis_undiff
centaurea,centaurea
centrolobium,centrolobium
centrolobium_sp,centrolobium_sp
centropogon,centropogon
centrosema,centrosema
centrosema_type,centrosema_type
cerastium_type,cerastium_type
ceroxylon,ceroxylon
ceroxylon_type,ceroxylon_type
cespedesia,cespedesia
cestrum,cestrum
cestrum_type_2,cestrum_type_2
cestrum_undiff,cestrum_undiff
cf_agave,cf_agave
cf_alnus,cf_alnus
cf_amaranthaceae,cf_amaranthaceae
cf_ambrosia,cf_ambrosia
cf_amorpha,cf_amorpha
cf_anacardiaceae_type_a,cf_anacardiaceae_type_a
cf_anacardiaceae_type_b,cf_anacardiaceae_type_b
cf_annonaceae_rubiaceae,cf_annonaceae_rubiaceae
cf_anthurium,cf_anthurium
cf_apeiba_tibourbou,cf_apeiba_tibourbou
cf_apiaceae,cf_apiaceae
cf_ardisia,cf_ardisia
cf_artemisia,cf_artemisia
cf_aspidosperma,cf_aspidosperma
cf_astronium_fraxinifolium_type_a,cf_astronium_fraxinifolium_type_a
cf_astronium_fraxinifolium_type_b,cf_astronium_fraxinifolium_type_b
cf_azorella,cf_azorella
cf_balbisia,cf_balbisia
cf_bauhinia,cf_bauhinia
cf_begonia,cf_begonia
cf_bomarea,cf_bomarea
cf_brassicaceae,cf_brassicaceae
cf_bursera,cf_bursera
cf_calceolaria,cf_calceolaria
cf_carapa,cf_carapa
cf_carica,cf_carica
cf_carya,cf_carya
cf_casearia,cf_casearia
cf_cassia,cf_cassia
cf_cedrela,cf_cedrela
cf_ceiba,cf_ceiba
cf_chamaesyce,cf_chamaesyce
cf_clusia,cf_clusia
cf_coccoloba,cf_coccoloba
cf_copaifera,cf_copaifera
cf_corchorus,cf_corchorus
cf_couratari,cf_couratari
cf_cupressaceae,cf_cupressaceae
cf_daphne,cf_daphne
cf_dioclea,cf_dioclea
cf_elaeagnaceae,cf_elaeagnaceae
cf_elaeoluma,cf_elaeoluma
cf_eriogonum,cf_eriogonum
cf_fabaceae_type_1,cf_fabaceae_type_1
cf_fabaceae_type_2,cf_fabaceae_type_2
cf_fabaceae_type_3,cf_fabaceae_type_3
cf_faramea,cf_faramea
cf_freycinetia,cf_freycinetia
cf_gnaphalium,cf_gnaphalium
cf_gossypium,cf_gossypium
cf_guazuma,cf_guazuma
cf_heisteria,cf_heisteria
cf_heliotropium_lafoensia,cf_heliotropium_lafoensia
cf_hippomane,cf_hippomane
cf_hyptis,cf_hyptis
cf_juglans,cf_juglans
cf_juniperus,cf_juniperus
cf_lachemilla,cf_lachemilla
cf_macherium_type_7,cf_macherium_type_7
cf_malpighiaceae,cf_malpighiaceae
cf_melia,cf_melia
cf_meliaceae,cf_meliaceae
cf_meliaceae_sapotaceae,cf_meliaceae_sapotaceae
cf_microtea,cf_microtea
cf_mimosoid_clade,cf_mimosoid_clade
cf_morus,cf_morus
cf_myrica,cf_myrica
cf_myrsine_tricolpate,cf_myrsine_tricolpate
cf_oxalis,cf_oxalis
cf_palicourea,cf_palicourea
cf_piperaceae,cf_piperaceae
cf_pistacia,cf_pistacia
cf_pouteria,cf_pouteria
cf_psychotria,cf_psychotria
cf_quercus,cf_quercus
cf_rapanea,cf_rapanea
cf_rhamnaceae,cf_rhamnaceae
cf_rhamnus,cf_rhamnus
cf_rhizophora,cf_rhizophora
cf_ribes,cf_ribes
cf_ricinus_communis,cf_ricinus_communis
cf_rosaceae,cf_rosaceae
cf_rubiaceae,cf_rubiaceae
cf_sapindaceae,cf_sapindaceae
cf_sapium,cf_sapium
cf_sapotaceae,cf_sapotaceae
cf_schefflera,cf_schefflera
cf_scrophulariaceae,cf_scrophulariaceae
cf_sebastiania,cf_sebastiania
cf_simarouba_amara,cf_simarouba_amara
cf_solanaceae,cf_solanaceae
cf_spondias,cf_spondias
cf_stachytarpheta,cf_stachytarpheta
cf_sterculia,cf_sterculia
cf_symmeria,cf_symmeria
cf_tachigali,cf_tachigali
cf_talisia,cf_talisia
cf_tanaecium,cf_tanaecium
cf_thrinax_iriartea,cf_thrinax_iriartea
cf_trema,cf_trema
cf_trema_lozanella,cf_trema_lozanella
cf_trichilia,cf_trichilia
cf_tripsacum,cf_tripsacum
cf_tristerix,cf_tristerix
cf_tynanthus,cf_tynanthus
cf_vernonia,cf_vernonia
cf_viburnum,cf_viburnum
cf_vitex,cf_vitex
cf_zollernia,cf_zollernia
chamaecrista,chamaecrista
chamaedorea,chamaedorea
chamaesyce,chamaesyce
chamaesyce_type,chamaesyce_type
chamaesyce_type_1,chamaesyce_type_1
chamaesyce_type_2,chamaesyce_type_2
chamaesyce_type_3,chamaesyce_type_3
chamaesyce_type_4,chamaesyce_type_4
chamissoa,chamissoa
chaptalia,chaptalia
cheiloclinium,cheiloclinium
chelonanthus,chelonanthus
chelyocarpus,chelyocarpus
chenopodiaceae_sensu_stricto,chenopodiaceae_sensu_stricto
chenopodium,chenopodium
chenopodium_amaranthus,chenopodium_amaranthus
chenopodium_quinoa_type,chenopodium_quinoa_type
chenopodium_type,chenopodium_type
chenopodium_undiff,chenopodium_undiff
chiococca,chiococca
chloraea,chloraea
chloranthaceae,chloranthaceae
chloranthaceae_undiff,chloranthaceae_undiff
chomelia,chomelia
chomelia_type,chomelia_type
chrysanthemum,chrysanthemum
chrysobalanaceae,chrysobalanaceae
chrysobalanaceae_undiff,chrysobalanaceae_undiff
chrysobalanus,chrysobalanus
chrysophyllum,chrysophyllum
chrysophyllum_marginatum,chrysophyllum_marginatum
chrysophyllum_undiff,chrysophyllum_undiff
chrysophyllum_viride_type,chrysophyllum_viride_type
cichorioideae,cichorioideae
cichorioideae_undiff,cichorioideae_undiff
cirsium_type,cirsium_type
cissampelos,cissampelos
cissus,cissus
cissus_striata,cissus_striata
cissus_type,cissus_type
citrus,citrus
clathrotropis_nitida_type,clathrotropis_nitida_type
cleidion,cleidion
cleome,cleome
cleome_type,cleome_type
clethra,clethra
clethra_type,clethra_type
clethra_type_2,clethra_type_2
clethra_undiff,clethra_undiff
clethraceae,clethraceae
clibadium,clibadium
clidemia,clidemia
clitoria,clitoria
clusia,clusia
clusia_criuva,clusia_criuva
clusia_type,clusia_type
clusiaceae,clusiaceae
clusiaceae_hypericaceae_cf_hypericum,clusiaceae_hypericaceae_cf_hypericum
clusiaceae_undiff,clusiaceae_undiff
clusiella_sp,clusiella_sp
cnestidium,cnestidium
cnidoscolus,cnidoscolus
coccocypselum,coccocypselum
coccocypselum_declieuxia,coccocypselum_declieuxia
coccocypselum_sp,coccocypselum_sp
coccoloba,coccoloba
coccoloba_type,coccoloba_type
cochlospermum,cochlospermum
cocos_nucifera,cocos_nucifera
codia,codia
colignonia,colignonia
colignonia_type,colignonia_type
collaea,collaea
colletia,colletia
colobanthus,colobanthus
colobanthus_type,colobanthus_type
colocasia,colocasia
colubrina,colubrina
combretaceae,combretaceae
combretaceae_melastomataceae,combretaceae_melastomataceae
combretaceae_melastomataceae_type,combretaceae_melastomataceae_type
combretaceae_melastomataceae_undiff,combretaceae_melastomataceae_undiff
combretum,combretum
combretum_type,combretum_type
commelina,commelina
commelina_type,commelina_type
commelinaceae,commelinaceae
commiphora,commiphora
conceveibum,conceveibum
conceveibum_cordatum,conceveibum_cordatum
coniferae_saccate,coniferae_saccate
coniferae_undiff,coniferae_undiff
connaraceae,connaraceae
connarus,connarus
connarus_type,connarus_type
conocarpus,conocarpus
conocarpus_erectus,conocarpus_erectus
convolvulaceae,convolvulaceae
convolvulaceae_malvaceae,convolvulaceae_malvaceae
convolvulaceae_type_1,convolvulaceae_type_1
convolvulaceae_type_2,convolvulaceae_type_2
convolvulaceae_undiff,convolvulaceae_undiff
conyza,conyza
copaifera,copaifera
copaifera_aff_c_coriacea,copaifera_aff_c_coriacea
copaifera_type,copaifera_type
corchorus,corchorus
corchorus_hirsutus,corchorus_hirsutus
corchorus_type,corchorus_type
cordia,cordia
cordia_cf_c_bicolor,cordia_cf_c_bicolor
cordia_cylindrostachya,cordia_cylindrostachya
cordia_cylindrostachya_type,cordia_cylindrostachya_type
cordia_gerascanthus_type,cordia_gerascanthus_type
cordia_type_1,cordia_type_1
cordia_type_2,cordia_type_2
cordyline,cordyline
coriandrum_sp,coriandrum_sp
coriaria,coriaria
cornus,cornus
corylus_avellana,corylus_avellana
costus,costus
couepia,couepia
couepia_sp,couepia_sp
couratari,couratari
coussapoa,coussapoa
coutarea,coutarea
crassula,crassula
cremastosperma,cremastosperma
crenea_type,crenea_type
crescentia,crescentia
cressa,cressa
crossopetalum,crossopetalum
crossopetalum_rhacoma,crossopetalum_rhacoma
crotalaria,crotalaria
crotalaria_type,crotalaria_type
croton,croton
croton_hirtus,croton_hirtus
croton_sect_julocroton,croton_sect_julocroton
croton_sp,croton_sp
croton_type,croton_type
croton_type_i,croton_type_i
croton_type_ii,croton_type_ii
croton_type_iii,croton_type_iii
croton_undiff,croton_undiff
crotonoideae,crotonoideae
crudia,crudia
crudia_amazonica,crudia_amazonica
cryosophila,cryosophila
cryptocarpus,cryptocarpus
cucurbita,cucurbita
cucurbitaceae,cucurbitaceae
cucurbitaceae_undiff,cucurbitaceae_undiff
cunoniaceae,cunoniaceae
cunoniaceae_cf_weinmannia,cunoniaceae_cf_weinmannia
cunoniaceae_type,cunoniaceae_type
cupania,cupania
cupania_type_1,cupania_type_1
cupania_type_2,cupania_type_2
cupania_type_3,cupania_type_3
cuphea,cuphea
cuphea_carthagenensis,cuphea_carthagenensis
cuphea_cf_c_ingrata,cuphea_cf_c_ingrata
cuphea_cf_c_urbaniana,cuphea_cf_c_urbaniana
cuphea_micrantha,cuphea_micrantha
cuphea_type_1,cuphea_type_1
cuphea_type_3,cuphea_type_3
cuphea_type_a,cuphea_type_a
cuphea_type_b,cuphea_type_b
cupressaceae,cupressaceae
curatella,curatella
curatella_americana,curatella_americana
curatella_americana_type_1,curatella_americana_type_1
curatella_americana_type_2,curatella_americana_type_2
curatella_americana_type_3,curatella_americana_type_3
curatella_type,curatella_type
cyathula,cyathula
cybianthus,cybianthus
cybianthus_type,cybianthus_type
cyclachaena_xanthiifolia_type,cyclachaena_xanthiifolia_type
cyclanthaceae,cyclanthaceae
cynodendron,cynodendron
cyperaceae,cyperaceae
cyperaceae_bigger_than_50_mu_m,cyperaceae_bigger_than_50_mu_m
cyperaceae_periporate,cyperaceae_periporate
cyperaceae_smaller_than_50_mu_m,cyperaceae_smaller_than_50_mu_m
cyperaceae_undiff,cyperaceae_undiff
cyperus_type_1,cyperus_type_1
cyperus_type_2,cyperus_type_2
cyperus_undiff,cyperus_undiff
cyrilla_racemiflora,cyrilla_racemiflora
cyrilla_sp,cyrilla_sp
dacrydium,dacrydium
dacrydium_type,dacrydium_type
dacryodes,dacryodes
dalbergia,dalbergia
dalbergia_type,dalbergia_type
dalbergia_type_1,dalbergia_type_1
dalbergia_type_2,dalbergia_type_2
dalea,dalea
dalea_type,dalea_type
dalechampia,dalechampia
dalechampia_type,dalechampia_type
daphnopsis,daphnopsis
daphnopsis_cf_d_beta,daphnopsis_cf_d_beta
daphnopsis_type,daphnopsis_type
darwiniothamnus,darwiniothamnus
datura_brugmansia_type,datura_brugmansia_type
dendrobangia,dendrobangia
dendropanax,dendropanax
desfontainia,desfontainia
desmodium,desmodium
desmodium_type,desmodium_type
desmoncus,desmoncus
desmopsis_panamensis_type_1,desmopsis_panamensis_type_1
desmopsis_panamensis_type_2,desmopsis_panamensis_type_2
desmopsis_panamensis_type_3,desmopsis_panamensis_type_3
desmopsis_undiff,desmopsis_undiff
diatenopteryx,diatenopteryx
diclidanthera,diclidanthera
dicranosstyles_aff_d_scandens,dicranosstyles_aff_d_scandens
dicranostyles,dicranostyles
dictyocaryum,dictyocaryum
didymopanax,didymopanax
didymopanax_distractiflorus_vinosus,didymopanax_distractiflorus_vinosus
didymopanax_excluding_schefflera,didymopanax_excluding_schefflera
didymopanax_type,didymopanax_type
dieffenbachia,dieffenbachia
dilleniaceae,dilleniaceae
dinizia,dinizia
dioclea,dioclea
dioclea_type,dioclea_type
diodia,diodia
dioicodendron,dioicodendron
dioscorea,dioscorea
diospyros,diospyros
diploon,diploon
diplusodon,diplusodon
diplusodon_type_3,diplusodon_type_3
dipteryx,dipteryx
dipteryx_sp,dipteryx_sp
discaria,discaria
dodonaea,dodonaea
dodonaea_reticulate,dodonaea_reticulate
dodonaea_type,dodonaea_type
dodonaea_viscosa,dodonaea_viscosa
doliocarpus,doliocarpus
donatia,donatia
donatia_fascicularis,donatia_fascicularis
dorstenia_type,dorstenia_type
draba,draba
drapetes,drapetes
drimys,drimys
drimys_brasiliensis,drimys_brasiliensis
drimys_winteri,drimys_winteri
drimys_winteri_type,drimys_winteri_type
drymaria,drymaria
drypetes,drypetes
duroia,duroia
dysopsis,dysopsis
echeveria,echeveria
echites,echites
eclipta,eclipta
eclipta_type,eclipta_type
elaeagia_type,elaeagia_type
elaeocarpaceae,elaeocarpaceae
elaeocarpaceae_cf_sloanea,elaeocarpaceae_cf_sloanea
elaeocarpaceae_type_1,elaeocarpaceae_type_1
elaeocarpaceae_undiff,elaeocarpaceae_undiff
elaeoluma,elaeoluma
elaeoluma_aff_e_nuda,elaeoluma_aff_e_nuda
elaeoluma_glabrescens,elaeoluma_glabrescens
eleocharis,eleocharis
eleocharis_type,eleocharis_type
elytropus,elytropus
embothrium,embothrium
embothrium_coccineum,embothrium_coccineum
emilia,emilia
emmotum,emmotum
empetrum,empetrum
empetrum_type,empetrum_type
encelia,encelia
endopleura,endopleura
entada,entada
ephedra,ephedra
ephedra_cf_e_tweediana,ephedra_cf_e_tweediana
ephedra_chilensis,ephedra_chilensis
ephedra_fragilis_type,ephedra_fragilis_type
ephedra_undiff,ephedra_undiff
ephedraceae,ephedraceae
epilobium,epilobium
episcia,episcia
ericaceae,ericaceae
ericaceae_psilate_35_minus_40_mu_m,ericaceae_psilate_35_minus_40_mu_m
ericaceae_scabrate_40_minus_50_mu_m,ericaceae_scabrate_40_minus_50_mu_m
ericaceae_type_1,ericaceae_type_1
ericaceae_type_2,ericaceae_type_2
ericaceae_type_3,ericaceae_type_3
ericaceae_undiff,ericaceae_undiff
ericaceae_verrucate_35_mu_m,ericaceae_verrucate_35_mu_m
ericales,ericales
eriotheca,eriotheca
eriotheca_type,eriotheca_type
erisma,erisma
erithalis,erithalis
erithalis_fruticosa,erithalis_fruticosa
ernodea,ernodea
eryngium,eryngium
eryngium_type,eryngium_type
eryngium_type_1,eryngium_type_1
eryngium_type_2,eryngium_type_2
erythrina,erythrina
erythrina_type,erythrina_type
erythroxylaceae,erythroxylaceae
erythroxylum,erythroxylum
erythroxylum_citrifolium_suberosum_type_3,erythroxylum_citrifolium_suberosum_type_3
erythroxylum_citrifolium_type_2,erythroxylum_citrifolium_type_2
erythroxylum_type_1,erythroxylum_type_1
erythroxylum_type_2,erythroxylum_type_2
erythroxylum_type_4,erythroxylum_type_4
erythroxylum_type_a,erythroxylum_type_a
erythroxylum_type_b,erythroxylum_type_b
escallonia,escallonia
escallonia_myrtoidea,escallonia_myrtoidea
escallonia_primulaceae_subf_myrsinoideae,escallonia_primulaceae_subf_myrsinoideae
escallonia_type,escallonia_type
escallonia_undiff,escallonia_undiff
escalloniaceae,escalloniaceae
eschweilera,eschweilera
esenbeckia,esenbeckia
eucalyptus,eucalyptus
eucryphia,eucryphia
eucryphia_caldcluvia,eucryphia_caldcluvia
eucryphia_caldcluvia_paniculata,eucryphia_caldcluvia_paniculata
eucryphia_type,eucryphia_type
eugenia,eugenia
eugenia_type,eugenia_type
eugenia_type_1,eugenia_type_1
eupatorium,eupatorium
eupatorium_type,eupatorium_type
euphorbia,euphorbia
euphorbia_cf_e_papillosa,euphorbia_cf_e_papillosa
euphorbia_cf_e_pulchella,euphorbia_cf_e_pulchella
euphorbia_type,euphorbia_type
euphorbia_type_1,euphorbia_type_1
euphorbia_type_2,euphorbia_type_2
euphorbia_undiff,euphorbia_undiff
euphorbiaceae,euphorbiaceae
euphorbiaceae_cf_chamaesyce,euphorbiaceae_cf_chamaesyce
euphorbiaceae_cf_mabea,euphorbiaceae_cf_mabea
euphorbiaceae_cf_sapium,euphorbiaceae_cf_sapium
euphorbiaceae_pro_parte,euphorbiaceae_pro_parte
euphorbiaceae_type_1,euphorbiaceae_type_1
euphorbiaceae_type_18_mu_m,euphorbiaceae_type_18_mu_m
euphorbiaceae_type_2,euphorbiaceae_type_2
euphorbiaceae_type_3,euphorbiaceae_type_3
euphorbiaceae_type_4,euphorbiaceae_type_4
euphorbiaceae_type_ii,euphorbiaceae_type_ii
euphorbiaceae_undiff,euphorbiaceae_undiff
euphrasia,euphrasia
euphrasia_type,euphrasia_type
euplassa,euplassa
euterpe,euterpe
euterpe_geonoma,euterpe_geonoma
euterpe_geonoma_type,euterpe_geonoma_type
euterpe_type,euterpe_type
euterpe_type_1,euterpe_type_1
euterpe_type_2,euterpe_type_2
evolvulus,evolvulus
exostema,exostema
exothea,exothea
exothea_paniculata,exothea_paniculata
fabaceae,fabaceae
fabaceae_cf_parkinsonia,fabaceae_cf_parkinsonia
fabaceae_psilate_type_i,fabaceae_psilate_type_i
fabaceae_psilate_type_ii,fabaceae_psilate_type_ii
fabaceae_psilate_type_iii,fabaceae_psilate_type_iii
fabaceae_reticulate,fabaceae_reticulate
fabaceae_reticulate_type_i,fabaceae_reticulate_type_i
fabaceae_reticulate_type_ii,fabaceae_reticulate_type_ii
fabaceae_reticulate_type_iii,fabaceae_reticulate_type_iii
fabaceae_striate,fabaceae_striate
fabaceae_syncolpate,fabaceae_syncolpate
fabaceae_type_i,fabaceae_type_i
fabaceae_type_ii,fabaceae_type_ii
fabaceae_type_iii,fabaceae_type_iii
fabaceae_type_iv,fabaceae_type_iv
fabaceae_type_v,fabaceae_type_v
fabaceae_type_vi,fabaceae_type_vi
fabaceae_undiff,fabaceae_undiff
fabales_type_i,fabales_type_i
fabales_type_ii,fabales_type_ii
fabales_type_iii,fabales_type_iii
fabiana,fabiana
faboideae,faboideae
faboideae_17_mu_m,faboideae_17_mu_m
faboideae_20_mu_m,faboideae_20_mu_m
faboideae_aff_dalbergia,faboideae_aff_dalbergia
faboideae_oblate_type_14,faboideae_oblate_type_14
faboideae_type_1,faboideae_type_1
faboideae_type_2,faboideae_type_2
faboideae_type_a,faboideae_type_a
faboideae_type_b,faboideae_type_b
faboideae_type_c,faboideae_type_c
faboideae_type_d,faboideae_type_d
faboideae_type_e,faboideae_type_e
faboideae_type_f,faboideae_type_f
faboideae_type_g,faboideae_type_g
faboideae_type_h,faboideae_type_h
faboideae_type_i,faboideae_type_i
faboideae_type_ii,faboideae_type_ii
faboideae_type_spheroidal,faboideae_type_spheroidal
faboideae_undiff,faboideae_undiff
fagales_cf_nothofagus,fagales_cf_nothofagus
fagus,fagus
faramea,faramea
faramea_type,faramea_type
ferdinandusa,ferdinandusa
ficus,ficus
ficus_sp,ficus_sp
ficus_type,ficus_type
ficus_type_1,ficus_type_1
ficus_type_2,ficus_type_2
fimbristylis,fimbristylis
fimbristylis_sp,fimbristylis_sp
fleischmannia,fleischmannia
fleischmannia_microstemon,fleischmannia_microstemon
forsteronia,forsteronia
forsteronia_type,forsteronia_type
francoa,francoa
frankeniaceae,frankeniaceae
fraxinus,fraxinus
froesiodendron,froesiodendron
fuchsia,fuchsia
fuchsia_regia,fuchsia_regia
fuchsia_type,fuchsia_type
fuirena,fuirena
gaiadendron,gaiadendron
gaiadendron_punctate,gaiadendron_punctate
galactia,galactia
galega_type,galega_type
galianthe_spicata,galianthe_spicata
galium,galium
galium_antarcticum,galium_antarcticum
galium_sect_relbunium,galium_sect_relbunium
galium_type,galium_type
galium_undiff,galium_undiff
gallesia,gallesia
garcinia,garcinia
garrya,garrya
gaultheria,gaultheria
gaultheria_ulei,gaultheria_ulei
geissomeria,geissomeria
genipa,genipa
genipa_type,genipa_type
gentiana,gentiana
gentiana_corymbosa_type,gentiana_corymbosa_type
gentiana_gentianella,gentiana_gentianella
gentiana_sp,gentiana_sp
gentiana_type,gentiana_type
gentianaceae,gentianaceae
gentianaceae_cf_gentianella,gentianaceae_cf_gentianella
gentianaceae_striate_minus_reticulate,gentianaceae_striate_minus_reticulate
gentianaceae_undiff,gentianaceae_undiff
gentianella,gentianella
gentianella_cf_g_gilioides,gentianella_cf_g_gilioides
geonoma,geonoma
geonoma_type_1,geonoma_type_1
geonoma_type_2,geonoma_type_2
geonoma_type_3,geonoma_type_3
geraniaceae,geraniaceae
geraniaceae_cf_geranium,geraniaceae_cf_geranium
geranium,geranium
gevuina,gevuina
glycydendron,glycydendron
gnaphalium,gnaphalium
gochnatia,gochnatia
godoya,godoya
gomortega_keule,gomortega_keule
gomphrena,gomphrena
gomphrena_pfaffia,gomphrena_pfaffia
gomphrena_type,gomphrena_type
gomphrena_type_1,gomphrena_type_1
gomphrena_type_2,gomphrena_type_2
gomphrena_type_3,gomphrena_type_3
gomphrena_type_undiff,gomphrena_type_undiff
gonocalyx,gonocalyx
gordonia,gordonia
gordonia_fruticosa,gordonia_fruticosa
gordonia_laplacea,gordonia_laplacea
gordonia_type_2,gordonia_type_2
gossypium,gossypium
gouania,gouania
griselinia,griselinia
griselinia_cf_g_ruscifolia,griselinia_cf_g_ruscifolia
guaiacum,guaiacum
guapira,guapira
guarea,guarea
guarea_type,guarea_type
guatteria,guatteria
guazuma,guazuma
guazuma_type,guazuma_type
guettarda,guettarda
guettarda_combsii,guettarda_combsii
guettarda_sp,guettarda_sp
guettarda_type,guettarda_type
gunnera,gunnera
gunnera_tinctoria,gunnera_tinctoria
gustavia,gustavia
gustavia_type_1,gustavia_type_1
gustavia_type_2,gustavia_type_2
gymnanthes,gymnanthes
gymnanthes_lucida,gymnanthes_lucida
gymnopodium,gymnopodium
gynoxys_type,gynoxys_type
gyranthera,gyranthera
habenaria_type,habenaria_type
haematoxylum,haematoxylum
haematoxylum_type,haematoxylum_type
hampea_trilobata,hampea_trilobata
haplopappus,haplopappus
havardia,havardia
hedyosmum,hedyosmum
hedyosmum_brasiliense,hedyosmum_brasiliense
hedyotis,hedyotis
heisteria,heisteria
helianthus_type,helianthus_type
helicostylis,helicostylis
helicteres,helicteres
helicteres_jamaicensis,helicteres_jamaicensis
helicteres_type_1,helicteres_type_1
heliocarpus,heliocarpus
heliocarpus_americanus,heliocarpus_americanus
heliotropium,heliotropium
herrania,herrania
hesperomeles,hesperomeles
heteropterys,heteropterys
heterosavia_bahamensis,heterosavia_bahamensis
hevea,hevea
hieracium,hieracium
hieronyma,hieronyma
hieronyma_type,hieronyma_type
hieronyma_type_1,hieronyma_type_1
hieronyma_type_2,hieronyma_type_2
hieronyma_type_3,hieronyma_type_3
hieronyma_type_ii,hieronyma_type_ii
hieronyma_undiff,hieronyma_undiff
himatanthus,himatanthus
hippeastrum,hippeastrum
hippocratea,hippocratea
hippocratea_type,hippocratea_type
hippomane,hippomane
hippomane_mancinella,hippomane_mancinella
hiraea,hiraea
hirtella,hirtella
holodiscus,holodiscus
humiria,humiria
humiriaceae,humiriaceae
humulus_type,humulus_type
hura,hura
hura_type,hura_type
hydrangea,hydrangea
hydrangeaceae,hydrangeaceae
hydrogaster,hydrogaster
hymenaea,hymenaea
hymenaea_type,hymenaea_type
hymenocallis,hymenocallis
hypericum,hypericum
hypericum_mini,hypericum_mini
hypericum_undiff,hypericum_undiff
hyptis,hyptis
hyptis_brevipes,hyptis_brevipes
hyptis_type,hyptis_type
ilex,ilex
impatiens,impatiens
impatiens_type,impatiens_type
indigofera_type,indigofera_type
inga,inga
inga_sp,inga_sp
inga_type,inga_type
ipomoea,ipomoea
ipomoea_cf_i_batatas,ipomoea_cf_i_batatas
ipomoea_type,ipomoea_type
iresine,iresine
iresine_type,iresine_type
iriartea,iriartea
iriartea_deltoidea,iriartea_deltoidea
iriartea_type,iriartea_type
iriartella,iriartella
iridaceae,iridaceae
iridaceae_psilate,iridaceae_psilate
iridaceae_reticulate,iridaceae_reticulate
iridaceae_type_i,iridaceae_type_i
iridaceae_type_ii,iridaceae_type_ii
iridaceae_undiff,iridaceae_undiff
iryanthera,iryanthera
isertia,isertia
iva,iva
iva_imbricata,iva_imbricata
ixora,ixora
jacaranda,jacaranda
jacaranda_type_2,jacaranda_type_2
jacquemontia,jacquemontia
jacquemontia_havanensis,jacquemontia_havanensis
jatropha,jatropha
joosia,joosia
juglandaceae,juglandaceae
juglans,juglans
juncaceae,juncaceae
jungia_type,jungia_type
juniperus,juniperus
juniperus_type,juniperus_type
justicia,justicia
koenigia,koenigia
koenigia_islandica,koenigia_islandica
koenigia_type,koenigia_type
labatia,labatia
lachemilla,lachemilla
lacistema,lacistema
lacistema_aggregatum,lacistema_aggregatum
lacmellea,lacmellea
lacmellea_sp,lacmellea_sp
lacmellea_type,lacmellea_type
lactuca_type,lactuca_type
laetia_aff_l_coriacea,laetia_aff_l_coriacea
lafoensia,lafoensia
lagenocarpus,lagenocarpus
laguncularia,laguncularia
laguncularia_racemosa,laguncularia_racemosa
lamanonia,lamanonia
lamanonia_cf_l_speciosa,lamanonia_cf_l_speciosa
lamiaceae,lamiaceae
lamiaceae_cf_mentha,lamiaceae_cf_mentha
lamiaceae_hexacolpate_scabrate_40_mu_m,lamiaceae_hexacolpate_scabrate_40_mu_m
lamiaceae_undiff,lamiaceae_undiff
lantana,lantana
lapageria,lapageria
laportea,laportea
laportea_type,laportea_type
larrea,larrea
lastarriaea_chilensis_type,lastarriaea_chilensis_type
lathyrus,lathyrus
lauraceae,lauraceae
lauraceae_cf_aniba,lauraceae_cf_aniba
lauraceae_type_1,lauraceae_type_1
lauraceae_type_3,lauraceae_type_3
laurelia,laurelia
laurembergia,laurembergia
lecythidaceae,lecythidaceae
lecythidaceae_type,lecythidaceae_type
lecythidaceae_undiff,lecythidaceae_undiff
legousia,legousia
lepidium,lepidium
lepidocaryum_type,lepidocaryum_type
lepidoceras,lepidoceras
lepidothamnus_fonkii,lepidothamnus_fonkii
leretia,leretia
leucaena,leucaena
leucaena_leucocephala,leucaena_leucocephala
licania,licania
liliaceae,liliaceae
liliaceae_type,liliaceae_type
lindernia,lindernia
linum,linum
liquidambar,liquidambar
lithocarpus,lithocarpus
lithraea,lithraea
lithraea_schinus,lithraea_schinus
lobelia,lobelia
lobelia_tenera,lobelia_tenera
loganiaceae,loganiaceae
lomatia,lomatia
lomatia_gevuina,lomatia_gevuina
lonchocarpus,lonchocarpus
longetia,longetia
loranthaceae,loranthaceae
loranthaceae_cf_tristerix,loranthaceae_cf_tristerix
loranthaceae_type_1,loranthaceae_type_1
loranthaceae_type_2,loranthaceae_type_2
loranthaceae_undiff,loranthaceae_undiff
loricaria,loricaria
loricaria_type,loricaria_type
loxopterygium,loxopterygium
luehea,luehea
luehea_type,luehea_type
lueheopsis,lueheopsis
luetzelburgia,luetzelburgia
luma_chequen,luma_chequen
lundia,lundia
lundia_sp,lundia_sp
lupinus,lupinus
lupinus_type,lupinus_type
lycianthes,lycianthes
lysichiton,lysichiton
lysiloma_latisiliquum,lysiloma_latisiliquum
lysipomia,lysipomia
lysipomia_laciniata_type,lysipomia_laciniata_type
lysipomia_rhizocephalum_sensu_stricto,lysipomia_rhizocephalum_sensu_stricto
lysipomia_undiff,lysipomia_undiff
lythraceae,lythraceae
lythraceae_type_1,lythraceae_type_1
lythraceae_undiff,lythraceae_undiff
mabea,mabea
mabea_gunnera,mabea_gunnera
mabea_type,mabea_type
mabea_type_1,mabea_type_1
mabea_type_2,mabea_type_2
machaerium,machaerium
machaerium_byrsonima_type_1,machaerium_byrsonima_type_1
machaerium_byrsonima_type_2,machaerium_byrsonima_type_2
machaerium_byrsonima_type_3,machaerium_byrsonima_type_3
machaerium_dalbergia,machaerium_dalbergia
machaerium_dalbergia_byrsonima,machaerium_dalbergia_byrsonima
machaerium_type,machaerium_type
machaerium_type_2,machaerium_type_2
macoubea,macoubea
macrocarpaea,macrocarpaea
macrolobium,macrolobium
macrolobium_type,macrolobium_type
magnoliopsida_tricolporate_psilate,magnoliopsida_tricolporate_psilate
magnoliopsida_tricolporate_reticulate,magnoliopsida_tricolporate_reticulate
magnoliopsida_type_1,magnoliopsida_type_1
magnoliopsida_type_9,magnoliopsida_type_9
magonia,magonia
magonia_pubescens,magonia_pubescens
malanea,malanea
malouetia,malouetia
malouetia_aff_m_guatemalensis,malouetia_aff_m_guatemalensis
malouetia_type,malouetia_type
malpighiaceae,malpighiaceae
malpighiaceae_cf_gaudichaudia,malpighiaceae_cf_gaudichaudia
malpighiaceae_cf_tetrapterys,malpighiaceae_cf_tetrapterys
malpighiaceae_type,malpighiaceae_type
malpighiaceae_type_a,malpighiaceae_type_a
malpighiaceae_type_b,malpighiaceae_type_b
malpighiaceae_type_c,malpighiaceae_type_c
malpighiaceae_type_d,malpighiaceae_type_d
malpighiaceae_type_e,malpighiaceae_type_e
malpighiaceae_undiff,malpighiaceae_undiff
malvaceae,malvaceae
malvaceae_cf_huberodendron,malvaceae_cf_huberodendron
malvaceae_sensu_stricto,malvaceae_sensu_stricto
malvaceae_undiff,malvaceae_undiff
mandevilla,mandevilla
manihot,manihot
manihot_native,manihot_native
manilkara,manilkara
manilkara_jaimiqui_sp_emarginata,manilkara_jaimiqui_sp_emarginata
mansoa,mansoa
maprounea,maprounea
maprounea_type,maprounea_type
maquira,maquira
maquira_type,maquira_type
maracanthus,maracanthus
marcgraviaceae,marcgraviaceae
marcgraviaceae_type,marcgraviaceae_type
margaritaria,margaritaria
marila,marila
marila_type,marila_type
maripa,maripa
maripa_type,maripa_type
martinella_type,martinella_type
mascagnia,mascagnia
matayba,matayba
matayba_cupania_type_a,matayba_cupania_type_a
matayba_cupania_type_b,matayba_cupania_type_b
matayba_cupania_type_c,matayba_cupania_type_c
matayba_cupania_type_e,matayba_cupania_type_e
matayba_type,matayba_type
matisia,matisia
mauritia,mauritia
mauritia_aff_m_flexuosa,mauritia_aff_m_flexuosa
mauritia_flexuosa,mauritia_flexuosa
mauritia_mauritiella,mauritia_mauritiella
mauritia_mauritiella_type,mauritia_mauritiella_type
mauritia_type,mauritia_type
mauritiella,mauritiella
mauritiella_type,mauritiella_type
maytenus,maytenus
maytenus_boaria,maytenus_boaria
maytenus_boaria_type,maytenus_boaria_type
maytenus_disticha_type,maytenus_disticha_type
maytenus_magellanica_type,maytenus_magellanica_type
mecardonia,mecardonia
mecardonia_type,mecardonia_type
melastomataceae,melastomataceae
melastomataceae_bigger_than_19_mu_m,melastomataceae_bigger_than_19_mu_m
melastomataceae_smaller_than_19_mu_m,melastomataceae_smaller_than_19_mu_m
melastomataceae_type_1,melastomataceae_type_1
melastomataceae_type_2,melastomataceae_type_2
melastomataceae_undiff,melastomataceae_undiff
melia,melia
meliaceae,meliaceae
meliaceae_sapotaceae,meliaceae_sapotaceae
meliaceae_sapotaceae_type_a,meliaceae_sapotaceae_type_a
meliaceae_sapotaceae_type_b,meliaceae_sapotaceae_type_b
meliaceae_sapotaceae_undiff,meliaceae_sapotaceae_undiff
meliaceae_type_1,meliaceae_type_1
meliaceae_undiff,meliaceae_undiff
melilotus_type,melilotus_type
meliosma,meliosma
meliosma_coccoloba,meliosma_coccoloba
melochia,melochia
melochia_type,melochia_type
melothria,melothria
melothria_type,melothria_type
mendoncia,mendoncia
menispermaceae,menispermaceae
menispermaceae_inaperturate_small,menispermaceae_inaperturate_small
merremia_type,merremia_type
metopium,metopium
metopium_brownei,metopium_brownei
metrodorea,metrodorea
miconia,miconia
miconia_type,miconia_type
miconia_type_2,miconia_type_2
miconia_type_4,miconia_type_4
micropholis,micropholis
microstachys_corniculata,microstachys_corniculata
mikania,mikania
mikania_guaco,mikania_guaco
mikania_type,mikania_type
mimosa,mimosa
mimosa_aff_m_pudica,mimosa_aff_m_pudica
mimosa_aff_m_rufescens,mimosa_aff_m_rufescens
mimosa_casta,mimosa_casta
mimosa_cf_m_invisa,mimosa_cf_m_invisa
mimosa_cf_m_pudica,mimosa_cf_m_pudica
mimosa_cf_m_scabrella,mimosa_cf_m_scabrella
mimosa_cf_m_taimbensis,mimosa_cf_m_taimbensis
mimosa_extensa,mimosa_extensa
mimosa_pudica_type,mimosa_pudica_type
mimosa_spp,mimosa_spp
mimosa_type_1,mimosa_type_1
mimosa_type_i,mimosa_type_i
mimosa_type_ii,mimosa_type_ii
mimosa_type_iii,mimosa_type_iii
mimosa_type_iv,mimosa_type_iv
mimosa_type_v,mimosa_type_v
mimosa_undiff,mimosa_undiff
mimosoid_clade,mimosoid_clade
mimosoid_clade_16_minus_porate_scabrate,mimosoid_clade_16_minus_porate_scabrate
mimosoid_clade_16_minus_porate_verrucate,mimosoid_clade_16_minus_porate_verrucate
mimosoid_clade_8_minus_porate,mimosoid_clade_8_minus_porate
mimosoid_clade_indeterminable,mimosoid_clade_indeterminable
mimosoid_clade_polyad,mimosoid_clade_polyad
mimosoid_clade_polyad_type_16,mimosoid_clade_polyad_type_16
mimosoid_clade_polyad_type_8,mimosoid_clade_polyad_type_8
mimosoid_clade_scabrate,mimosoid_clade_scabrate
mimosoid_clade_tetrad,mimosoid_clade_tetrad
mimosoid_clade_tetraporate_psilate_small,mimosoid_clade_tetraporate_psilate_small
mimosoid_clade_type_i,mimosoid_clade_type_i
mimosoid_clade_type_i_small,mimosoid_clade_type_i_small
mimosoid_clade_type_ii,mimosoid_clade_type_ii
mimosoid_clade_type_ii_cf_acacia,mimosoid_clade_type_ii_cf_acacia
mimosoid_clade_type_ii_large,mimosoid_clade_type_ii_large
mimosoid_clade_type_iii,mimosoid_clade_type_iii
mimosoid_clade_undiff,mimosoid_clade_undiff
minquartia,minquartia
misodendrum,misodendrum
mitraria,mitraria
molongum,molongum
molongum_type_1,molongum_type_1
monimiaceae,monimiaceae
monnina,monnina
monstera,monstera
monstera_type,monstera_type
montia,montia
montiaceae_cf_montia,montiaceae_cf_montia
montrichardia,montrichardia
moraceae,moraceae
moraceae_cf_brosimum,moraceae_cf_brosimum
moraceae_diporate,moraceae_diporate
moraceae_stephanoporate,moraceae_stephanoporate
moraceae_triporate,moraceae_triporate
moraceae_undiff,moraceae_undiff
morella_cerifera,morella_cerifera
morella_myrica,morella_myrica
moritzia,moritzia
moritzia_cf_m_dasyantha,moritzia_cf_m_dasyantha
moritzia_type,moritzia_type
mortoniodendron,mortoniodendron
morus,morus
muehlenbeckia,muehlenbeckia
muehlenbeckia_rumex_type,muehlenbeckia_rumex_type
muehlenbeckia_type,muehlenbeckia_type
muhlenbergia,muhlenbergia
mulinum,mulinum
muntingia,muntingia
mutisia,mutisia
mutisia_type,mutisia_type
mutisieae,mutisieae
mutisieae_undiff,mutisieae_undiff
mutisioideae,mutisioideae
mutisioideae_undiff,mutisioideae_undiff
myracrodruon_urundeuva,myracrodruon_urundeuva
myracrodruon_urundeuva_type_2,myracrodruon_urundeuva_type_2
myrceugenia,myrceugenia
myrcia_sp,myrcia_sp
myrcia_type,myrcia_type
myrica,myrica
myricaceae,myricaceae
myriopus_volubilis,myriopus_volubilis
myristicaceae,myristicaceae
myristicaceae_undiff,myristicaceae_undiff
myrocarpus_aff_m_frondosus,myrocarpus_aff_m_frondosus
myroxylon,myroxylon
myroxylon_type,myroxylon_type
myrsine,myrsine
myrsine_floridana,myrsine_floridana
myrsine_sp,myrsine_sp
myrsine_tetracolpate,myrsine_tetracolpate
myrsine_tricolporate,myrsine_tricolporate
myrsine_type,myrsine_type
myrsinoideae,myrsinoideae
myrsinoideae_undiff,myrsinoideae_undiff
myrtaceae,myrtaceae
myrtaceae_type,myrtaceae_type
myrtaceae_type_1,myrtaceae_type_1
myrtaceae_type_2,myrtaceae_type_2
myrtaceae_type_a,myrtaceae_type_a
myrtaceae_type_b,myrtaceae_type_b
myrtaceae_type_c,myrtaceae_type_c
myrtaceae_type_d,myrtaceae_type_d
myrtaceae_undiff,myrtaceae_undiff
myrteola,myrteola
nanodea,nanodea
nassauvia_type,nassauvia_type
nectandra_cissiflora,nectandra_cissiflora
nectandra_undiff,nectandra_undiff
neea,neea
nertera,nertera
norantea,norantea
nothofagus,nothofagus
nothofagus_alpina_type,nothofagus_alpina_type
nothofagus_antarctica,nothofagus_antarctica
nothofagus_cf_n_dombeyi,nothofagus_cf_n_dombeyi
nothofagus_dombeyi,nothofagus_dombeyi
nothofagus_dombeyi_type,nothofagus_dombeyi_type
nothofagus_obliqua,nothofagus_obliqua
nothofagus_obliqua_type,nothofagus_obliqua_type
nothofagus_pumilio,nothofagus_pumilio
nothofagus_undiff,nothofagus_undiff
nyctaginaceae,nyctaginaceae
ochnaceae,ochnaceae
ochnaceae_cf_cespedesia,ochnaceae_cf_cespedesia
ochnaceae_cf_ouratea,ochnaceae_cf_ouratea
ochroma,ochroma
ochroma_type,ochroma_type
ocotea_type,ocotea_type
ocotea_type_1,ocotea_type_1
ocotea_type_2,ocotea_type_2
odontadenia,odontadenia
odontocarya_tamoides,odontocarya_tamoides
oenocarpus,oenocarpus
oenothera,oenothera
olacaceae_undiff,olacaceae_undiff
onagraceae,onagraceae
onagraceae_cf_fuchsia,onagraceae_cf_fuchsia
onagraceae_type_1,onagraceae_type_1
onagraceae_undiff,onagraceae_undiff
operculina_type,operculina_type
ophryosporus,ophryosporus
ophryosporus_type,ophryosporus_type
opuntia,opuntia
orchidaceae,orchidaceae
orchidaceae_tetrad,orchidaceae_tetrad
oreopanax,oreopanax
oreopanax_cf_o_fulvum,oreopanax_cf_o_fulvum
oreopanax_type,oreopanax_type
oreopolus,oreopolus
origanum,origanum
ormosia,ormosia
orthion,orthion
oryctanthus,oryctanthus
oryctanthus_type,oryctanthus_type
ostrya_carpinus,ostrya_carpinus
ostrya_type,ostrya_type
ouratea,ouratea
ouratea_type,ouratea_type
ourisia,ourisia
ovidia,ovidia
oxalidaceae,oxalidaceae
oxalis,oxalis
oxalis_type_i,oxalis_type_i
pachira,pachira
pachira_aquatica,pachira_aquatica
pachira_type,pachira_type
pachystachys,pachystachys
pagamea,pagamea
palicourea,palicourea
palicourea_tomentosa,palicourea_tomentosa
pamphalea,pamphalea
panopsis,panopsis
parahancornia,parahancornia
parahancornia_sp,parahancornia_sp
paronychia,paronychia
paronychia_chilensis,paronychia_chilensis
passiflora,passiflora
passiflora_type,passiflora_type
passifloraceae,passifloraceae
paullinia,paullinia
paullinia_25_mu_m,paullinia_25_mu_m
paullinia_psilate_small,paullinia_psilate_small
paullinia_reticulate,paullinia_reticulate
paullinia_roupala,paullinia_roupala
paullinia_tetraporate,paullinia_tetraporate
paullinia_type_ii,paullinia_type_ii
pavonia,pavonia
pavonia_type,pavonia_type
peixotoa_type,peixotoa_type
peltogyne,peltogyne
pentaclethra,pentaclethra
peperomia,peperomia
peperomia_macrostachyos,peperomia_macrostachyos
peperomia_rotundifolia,peperomia_rotundifolia
peperomia_undiff,peperomia_undiff
pera,pera
pera_type,pera_type
perezia,perezia
perezia_type,perezia_type
peritassa,peritassa
persea,persea
persicaria,persicaria
persicaria_acuminata,persicaria_acuminata
persicaria_acuminata_type,persicaria_acuminata_type
persicaria_maculosa,persicaria_maculosa
persicaria_maculosa_type,persicaria_maculosa_type
petitia_domingensis,petitia_domingensis
petiveria,petiveria
petrea,petrea
pfaffia,pfaffia
pfaffia_type,pfaffia_type
phacelia,phacelia
phacelia_brachyantha,phacelia_brachyantha
phaseolus,phaseolus
phaseolus_type,phaseolus_type
philesia,philesia
philodendron,philodendron
philodendron_tripartitum,philodendron_tripartitum
philodendron_type_1,philodendron_type_1
philodendron_type_2,philodendron_type_2
phoradendron,phoradendron
phragmotheca,phragmotheca
phyllanthaceae,phyllanthaceae
phyllanthus,phyllanthus
phyllanthus_type,phyllanthus_type
phyllanthus_type_1,phyllanthus_type_1
phyllanthus_type_2,phyllanthus_type_2
phyllostylon,phyllostylon
physalis,physalis
phytelephas_type,phytelephas_type
phytolaccaceae,phytolaccaceae
phytolaccaceae_type,phytolaccaceae_type
picea,picea
picea_abies,picea_abies
picramnia_pentandra,picramnia_pentandra
pilea,pilea
pilea_type,pilea_type
pilgerodendron,pilgerodendron
pilgerodendron_type,pilgerodendron_type
pinaceae,pinaceae
pinguicula,pinguicula
pinus,pinus
pinus_caribaea,pinus_caribaea
pinus_podocarpus,pinus_podocarpus
pinus_sp,pinus_sp
pinus_subg_pinus,pinus_subg_pinus
pinus_subg_strobus,pinus_subg_strobus
piper,piper
piper_auritum,piper_auritum
piper_trigonum,piper_trigonum
piper_type,piper_type
piperaceae,piperaceae
piptadenia,piptadenia
piscidia,piscidia
piscidia_type,piscidia_type
pisonia,pisonia
pithecellobium,pithecellobium
plantaginaceae,plantaginaceae
plantago,plantago
plantago_australis,plantago_australis
plantago_barbata_type,plantago_barbata_type
plantago_cf_p_australis,plantago_cf_p_australis
plantago_cf_p_turficola,plantago_cf_p_turficola
plantago_lanceolata,plantago_lanceolata
plantago_lanceolata_type,plantago_lanceolata_type
plantago_rigida,plantago_rigida
plantago_rigida_scabrate,plantago_rigida_scabrate
plantago_rigida_type,plantago_rigida_type
plantago_rigida_verrucate,plantago_rigida_verrucate
plantago_sericea,plantago_sericea
plantago_sericea_type,plantago_sericea_type
plantago_sp,plantago_sp
plantago_type,plantago_type
plantago_undiff,plantago_undiff
platanus,platanus
platymiscium,platymiscium
plenckia,plenckia
plenckia_populnea,plenckia_populnea
pleonotoma,pleonotoma
pluchea,pluchea
plumbago,plumbago
poaceae,poaceae
poaceae_80_mu_m,poaceae_80_mu_m
poaceae_bigger_than_35_mu_m,poaceae_bigger_than_35_mu_m
poaceae_bigger_than_80_mu_m,poaceae_bigger_than_80_mu_m
poaceae_cerealia,poaceae_cerealia
poaceae_cerealia_cf_avena,poaceae_cerealia_cf_avena
poaceae_cerealia_type_cf_hordeum,poaceae_cerealia_type_cf_hordeum
poaceae_cerealia_undiff,poaceae_cerealia_undiff
poaceae_smaller_than_35_mu_m,poaceae_smaller_than_35_mu_m
poaceae_type_1,poaceae_type_1
poaceae_type_10,poaceae_type_10
poaceae_type_2,poaceae_type_2
poaceae_type_3,poaceae_type_3
poaceae_type_4,poaceae_type_4
poaceae_type_5,poaceae_type_5
poaceae_type_6,poaceae_type_6
poaceae_type_7,poaceae_type_7
poaceae_type_8,poaceae_type_8
poaceae_type_9,poaceae_type_9
poaceae_type_i,poaceae_type_i
poaceae_type_ii,poaceae_type_ii
poaceae_undiff,poaceae_undiff
podocalyx,podocalyx
podocalyx_aff_p_loranthoides,podocalyx_aff_p_loranthoides
podocarpaceae,podocarpaceae
podocarpus,podocarpus
podocarpus_nubigenus,podocarpus_nubigenus
podocarpus_salignus,podocarpus_salignus
podocarpus_thin,podocarpus_thin
podocarpus_type_1,podocarpus_type_1
podocarpus_type_2,podocarpus_type_2
poiretia,poiretia
polemoniaceae,polemoniaceae
polyachyrus_type,polyachyrus_type
polygala,polygala
polygala_paniculata,polygala_paniculata
polygalaceae,polygalaceae
polygalaceae_type_a,polygalaceae_type_a
polygalaceae_type_b,polygalaceae_type_b
polygalaceae_type_c,polygalaceae_type_c
polygalaceae_type_d,polygalaceae_type_d
polygalaceae_undiff,polygalaceae_undiff
polygonaceae,polygonaceae
polygonaceae_undiff,polygonaceae_undiff
polygonum,polygonum
polygonum_sensu_lato,polygonum_sensu_lato
polylepis,polylepis
polylepis_acaena,polylepis_acaena
polylepis_pepei,polylepis_pepei
populus,populus
poraqueiba,poraqueiba
portulaca,portulaca
portulacaceae,portulacaceae
posoqueria,posoqueria
posoqueria_latifolia,posoqueria_latifolia
potentilla,potentilla
potentilla_anserina_type,potentilla_anserina_type
pourouma,pourouma
pourouma_sorocea_maclura,pourouma_sorocea_maclura
pouteria,pouteria
pouteria_aff_p_elegans,pouteria_aff_p_elegans
pouteria_guianensis,pouteria_guianensis
pouteria_sp,pouteria_sp
pouzolzia_type,pouzolzia_type
pozoa,pozoa
prestonia,prestonia
prestonia_type,prestonia_type
primula,primula
primula_farinosa,primula_farinosa
primulaceae,primulaceae
priva_type,priva_type
prosopis,prosopis
proteaceae,proteaceae
proteaceae_cf_panopsis,proteaceae_cf_panopsis
proteaceae_reticulate,proteaceae_reticulate
proteaceae_type_1,proteaceae_type_1
proteaceae_undiff,proteaceae_undiff
protium,protium
protium_type,protium_type
protium_type_a,protium_type_a
protium_type_b,protium_type_b
protium_type_i,protium_type_i
protium_type_ii,protium_type_ii
protium_type_iii,protium_type_iii
protium_undiff,protium_undiff
proustia,proustia
prumnopitys_andina,prumnopitys_andina
prunus,prunus
prunus_type,prunus_type
prunus_type_2,prunus_type_2
pseudelephantopus_type,pseudelephantopus_type
pseudobombax,pseudobombax
pseudobombax_type,pseudobombax_type
pseudopanax,pseudopanax
psidium,psidium
psidium_guajava,psidium_guajava
psittacanthus,psittacanthus
psychotria,psychotria
psychotria_cf_p_carthagenensis,psychotria_cf_p_carthagenensis
psychotria_horizontalis,psychotria_horizontalis
psychotria_type,psychotria_type
psychotria_type_i,psychotria_type_i
psychotria_type_ii,psychotria_type_ii
psychotria_type_inaperturate_baculate,psychotria_type_inaperturate_baculate
psychotria_type_tricolporate_reticulate,psychotria_type_tricolporate_reticulate
psychotria_undiff,psychotria_undiff
pterandra,pterandra
pterocarpus,pterocarpus
pterodon,pterodon
pterodon_type,pterodon_type
pterogyne,pterogyne
purdiaea_nutans,purdiaea_nutans
puya,puya
puya_type,puya_type
pycnophyllum,pycnophyllum
qualea,qualea
quararibea,quararibea
quercus,quercus
quinchamalium,quinchamalium
rachicallis,rachicallis
randia,randia
ranunculaceae,ranunculaceae
ranunculaceae_cf_thalictrum,ranunculaceae_cf_thalictrum
ranunculaceae_undiff,ranunculaceae_undiff
ranunculus,ranunculus
ranunculus_cf_r_bonariensis,ranunculus_cf_r_bonariensis
ranunculus_type,ranunculus_type
rapanea,rapanea
raukaua_laetevirens,raukaua_laetevirens
ravenala_madagascariensis,ravenala_madagascariensis
ravenea,ravenea
renealmia,renealmia
reynosia_septentrionalis,reynosia_septentrionalis
rhabdadenia,rhabdadenia
rhamnaceae,rhamnaceae
rhamnaceae_cf_colubrina_glandulosa,rhamnaceae_cf_colubrina_glandulosa
rhamnaceae_undiff,rhamnaceae_undiff
rhamnidium_elaeocarpum,rhamnidium_elaeocarpum
rhamnidium_type_1,rhamnidium_type_1
rhamnus,rhamnus
rhamnus_type,rhamnus_type
rhamnus_type_1,rhamnus_type_1
rheedia,rheedia
rhipsalis,rhipsalis
rhizophora,rhizophora
rhizophora_mangle,rhizophora_mangle
rhizophoraceae,rhizophoraceae
rhus,rhus
rhynchosia,rhynchosia
ribes,ribes
ribes_type,ribes_type
richardia,richardia
richeria,richeria
rinorea,rinorea
rolandra_fruticosa,rolandra_fruticosa
rosaceae,rosaceae
rosaceae_type_i,rosaceae_type_i
rosaceae_undiff,rosaceae_undiff
roupala,roupala
roupala_sp,roupala_sp
roupala_type,roupala_type
ruagea,ruagea
rubiaceae,rubiaceae
rubiaceae_aff_alibertia,rubiaceae_aff_alibertia
rubiaceae_cf_alibertia_type,rubiaceae_cf_alibertia_type
rubiaceae_cf_bertiera,rubiaceae_cf_bertiera
rubiaceae_cf_cephaelis,rubiaceae_cf_cephaelis
rubiaceae_cf_galium_sect_relbunium,rubiaceae_cf_galium_sect_relbunium
rubiaceae_cf_guettarda,rubiaceae_cf_guettarda
rubiaceae_cf_hoffmannia,rubiaceae_cf_hoffmannia
rubiaceae_cf_psychotria,rubiaceae_cf_psychotria
rubiaceae_cf_sabicea,rubiaceae_cf_sabicea
rubiaceae_cf_uncaria,rubiaceae_cf_uncaria
rubiaceae_cf_warszewiczia,rubiaceae_cf_warszewiczia
rubiaceae_hexacolpate,rubiaceae_hexacolpate
rubiaceae_mitracarpus_type,rubiaceae_mitracarpus_type
rubiaceae_pro_parte,rubiaceae_pro_parte
rubiaceae_tocoyena_type,rubiaceae_tocoyena_type
rubiaceae_type,rubiaceae_type
rubiaceae_type_1,rubiaceae_type_1
rubiaceae_type_2,rubiaceae_type_2
rubiaceae_type_25,rubiaceae_type_25
rubiaceae_type_i,rubiaceae_type_i
rubiaceae_undiff,rubiaceae_undiff
rubus,rubus
rubus_type,rubus_type
ruellia,ruellia
rumex,rumex
rumex_acetosella,rumex_acetosella
rumex_acetosella_type,rumex_acetosella_type
rumex_type,rumex_type
rumex_undiff,rumex_undiff
rutaceae,rutaceae
rutaceae_anacardiaceae,rutaceae_anacardiaceae
rutaceae_undiff,rutaceae_undiff
ryania,ryania
sabal,sabal
sabiaceae,sabiaceae
sabicea,sabicea
sabicea_type,sabicea_type
sacoglottis,sacoglottis
salicaceae,salicaceae
salicaceae_cf_casearia,salicaceae_cf_casearia
salicaceae_cf_casearia_guianensis,salicaceae_cf_casearia_guianensis
salicaceae_cf_neoptychocarpus,salicaceae_cf_neoptychocarpus
salicaceae_undiff,salicaceae_undiff
salicornia,salicornia
salicornia_type,salicornia_type
salix,salix
salix_humboldtiana,salix_humboldtiana
salix_type,salix_type
salvia,salvia
sambucus,sambucus
sambucus_type,sambucus_type
sanguisorba,sanguisorba
sapindaceae,sapindaceae
sapindaceae_cf_matayba,sapindaceae_cf_matayba
sapindaceae_dodonaea_type,sapindaceae_dodonaea_type
sapindaceae_type_1,sapindaceae_type_1
sapindaceae_type_a,sapindaceae_type_a
sapindaceae_undiff,sapindaceae_undiff
sapium,sapium
sapium_type,sapium_type
sapium_type_1,sapium_type_1
sapium_type_2,sapium_type_2
sapotaceae,sapotaceae
sapotaceae_cf_chrysophyllum,sapotaceae_cf_chrysophyllum
sapotaceae_type,sapotaceae_type
sapotaceae_type_1,sapotaceae_type_1
sapotaceae_type_a,sapotaceae_type_a
sapotaceae_type_i,sapotaceae_type_i
sapotaceae_type_ii,sapotaceae_type_ii
sapotaceae_undiff,sapotaceae_undiff
sarcaulus_sp,sarcaulus_sp
sarcopera,sarcopera
satureja,satureja
satureja_type,satureja_type
saurauia,saurauia
sauvagesia,sauvagesia
saxegothaea,saxegothaea
saxegothaea_conspicua,saxegothaea_conspicua
saxifraga_type,saxifraga_type
saxifragaceae,saxifragaceae
scalesia_cf_s_affinis,scalesia_cf_s_affinis
scalesia_undiff,scalesia_undiff
scheelea,scheelea
scheelea_type,scheelea_type
schefflera,schefflera
schinopsis,schinopsis
schinus,schinus
schinus_type,schinus_type
schizanthus,schizanthus
schizolobium,schizolobium
schizolobium_parahyba,schizolobium_parahyba
schizolobium_sp,schizolobium_sp
schnella_cf_s_reflexa,schnella_cf_s_reflexa
schnella_reflexa_type,schnella_reflexa_type
schultesia,schultesia
scleronema,scleronema
scoparia,scoparia
scoparia_dulcis,scoparia_dulcis
scoparia_type,scoparia_type
scrophulariaceae,scrophulariaceae
scrophulariaceae_undiff,scrophulariaceae_undiff
scutellaria_type,scutellaria_type
scutia,scutia
scyphanthus,scyphanthus
sebastiania,sebastiania
sebastiania_brasiliensis,sebastiania_brasiliensis
sebastiania_cf_s_schottiana,sebastiania_cf_s_schottiana
sebastiania_commersoniana,sebastiania_commersoniana
sebastiania_type_1,sebastiania_type_1
sebastiania_undiff,sebastiania_undiff
secale_cereale,secale_cereale
secondatia_type,secondatia_type
secondatia_type_2,secondatia_type_2
senecio,senecio
senecio_type,senecio_type
senecio_type_40_mu_m,senecio_type_40_mu_m
senefeldera,senefeldera
senna,senna
senna_multijuga,senna_multijuga
senna_obtusifolia,senna_obtusifolia
senna_type_1,senna_type_1
senna_type_4,senna_type_4
senna_undiff,senna_undiff
serjania,serjania
serjania_type_d,serjania_type_d
sesuvium,sesuvium
sesuvium_type,sesuvium_type
sicydium,sicydium
sida,sida
sida_type,sida_type
sideroxylon,sideroxylon
sideroxylon_salicifolium,sideroxylon_salicifolium
silene_cerastium,silene_cerastium
simarouba,simarouba
simarouba_amara,simarouba_amara
simaroubaceae,simaroubaceae
simira,simira
siparuna,siparuna
siparuna_type,siparuna_type
siphocampylus,siphocampylus
sisyrinchium,sisyrinchium
sisyrinchium_type,sisyrinchium_type
sloanea,sloanea
sloanea_floribunda,sloanea_floribunda
sloanea_stipitata,sloanea_stipitata
sloanea_type,sloanea_type
sloanea_type_2,sloanea_type_2
sloanea_undiff,sloanea_undiff
smilax,smilax
socratea,socratea
socratea_type,socratea_type
solanaceae,solanaceae
solanaceae_type_1,solanaceae_type_1
solanaceae_type_16,solanaceae_type_16
solanaceae_type_2,solanaceae_type_2
solanaceae_type_3,solanaceae_type_3
solanaceae_undiff,solanaceae_undiff
solanum,solanum
solanum_type,solanum_type
solanum_type_1,solanum_type_1
solanum_type_2,solanum_type_2
solanum_type_3,solanum_type_3
solanum_type_4,solanum_type_4
solanum_type_i,solanum_type_i
souroubea,souroubea
spananthe,spananthe
spathiphyllum,spathiphyllum
spathiphyllum_type,spathiphyllum_type
spergula_type,spergula_type
spermacoce,spermacoce
spermacoce_assurgens,spermacoce_assurgens
spermacoce_cf_s_latifolia,spermacoce_cf_s_latifolia
spermacoce_latifolia,spermacoce_latifolia
spermacoce_type,spermacoce_type
spermacoce_undiff,spermacoce_undiff
spermatophyta_undiff_trees,spermatophyta_undiff_trees
spermatophyta_undiff_trees_shrubs,spermatophyta_undiff_trees_shrubs
spermatophyta_undiff_upland_herbs,spermatophyta_undiff_upland_herbs
spigelia,spigelia
spiracantha_cornifolia,spiracantha_cornifolia
spirotheca,spirotheca
spondias,spondias
spondias_mombin,spondias_mombin
spondias_type,spondias_type
spondias_type_20,spondias_type_20
spondias_type_25,spondias_type_25
spondias_type_32,spondias_type_32
spondias_type_40,spondias_type_40
spondias_type_ii,spondias_type_ii
spondias_undiff,spondias_undiff
stachytarpheta,stachytarpheta
stellaria_type,stellaria_type
stemodia,stemodia
stemodia_maritima,stemodia_maritima
stemonurus,stemonurus
stenandrium,stenandrium
stenospermation,stenospermation
stenostomum_lucidum,stenostomum_lucidum
sterculia,sterculia
sterculioideae,sterculioideae
sterculioideae_undiff,sterculioideae_undiff
stigmaphyllon,stigmaphyllon
strumpfia,strumpfia
strumpfia_maritima,strumpfia_maritima
struthanthus,struthanthus
struthanthus_sp,struthanthus_sp
strychnos,strychnos
stryphnodendron,stryphnodendron
styloceras,styloceras
styloceras_type,styloceras_type
stylogyne,stylogyne
styrax,styrax
styrax_type,styrax_type
swartzia,swartzia
swietenia,swietenia
swietenia_mahagoni,swietenia_mahagoni
syagrus,syagrus
syagrus_type,syagrus_type
symmeria,symmeria
symmeria_paniculata,symmeria_paniculata
symphonia,symphonia
symphonia_globulifera,symphonia_globulifera
symphonia_type_a,symphonia_type_a
symphonia_type_b,symphonia_type_b
symplocaceae_cf_symplocos,symplocaceae_cf_symplocos
symplocos,symplocos
symplocos_bogotensis_type,symplocos_bogotensis_type
symplocos_canescens,symplocos_canescens
symplocos_coriacea,symplocos_coriacea
symplocos_diporate_psilate,symplocos_diporate_psilate
symplocos_lanceolata_type,symplocos_lanceolata_type
symplocos_peruviana,symplocos_peruviana
symplocos_tenuifolia_type,symplocos_tenuifolia_type
symplocos_type,symplocos_type
symplocos_type_1,symplocos_type_1
symplocos_type_2,symplocos_type_2
symplocos_type_3,symplocos_type_3
symplocos_uniflora,symplocos_uniflora
syngonium,syngonium
syngonium_type_1,syngonium_type_1
syngonium_type_2,syngonium_type_2
syngonium_type_3,syngonium_type_3
tabebuia,tabebuia
tabebuia_bahamensis,tabebuia_bahamensis
tabebuia_type_1,tabebuia_type_1
tabebuia_type_2,tabebuia_type_2
tabebuia_type_3,tabebuia_type_3
tabebuia_type_4,tabebuia_type_4
tabernaemontana,tabernaemontana
tabernaemontana_type,tabernaemontana_type
tachigali,tachigali
talisia,talisia
talisia_type,talisia_type
talisia_type_2,talisia_type_2
tanaecium,tanaecium
tapirira,tapirira
tapirira_aff_t_guianensis,tapirira_aff_t_guianensis
tapirira_type,tapirira_type
tapirira_type_1,tapirira_type_1
tapirira_type_2,tapirira_type_2
tapura_guianensis_type_1,tapura_guianensis_type_1
taraxacum,taraxacum
tecoma,tecoma
tephrosia,tephrosia
tepualia,tepualia
teramnus,teramnus
terminalia,terminalia
terminalia_sect_bucida,terminalia_sect_bucida
ternstroemia,ternstroemia
tessaria,tessaria
tessaria_type,tessaria_type
tetracera,tetracera
tetragastris,tetragastris
tetrapterys,tetrapterys
tetrazygia,tetrazygia
tetrorchidium,tetrorchidium
tetrorchidium_rubrivenium,tetrorchidium_rubrivenium
thalictrum,thalictrum
thalictrum_type,thalictrum_type
theaceae,theaceae
theobroma,theobroma
thevetia_type,thevetia_type
thouinia,thouinia
thouinia_discolor,thouinia_discolor
thunbergia,thunbergia
tilia_type,tilia_type
tilioideae,tilioideae
tilioideae_cf_apeiba,tilioideae_cf_apeiba
tilioideae_type,tilioideae_type
tilioideae_type_1,tilioideae_type_1
tilioideae_type_32,tilioideae_type_32
tilioideae_undiff,tilioideae_undiff
tillandsia,tillandsia
tocoyena,tocoyena
tontelea,tontelea
tournefortia,tournefortia
tournefortia_rufo_minus_sericea,tournefortia_rufo_minus_sericea
tournefortia_type,tournefortia_type
tovomita,tovomita
tovomitopsis,tovomitopsis
toxicodendron,toxicodendron
tracheophyta_undiff_paramo_plants,tracheophyta_undiff_paramo_plants
trattinnickia,trattinnickia
trattinnickia_sp,trattinnickia_sp
trema,trema
trema_lamarckiana,trema_lamarckiana
trema_micrantha,trema_micrantha
trema_type,trema_type
trema_type_2,trema_type_2
trichanthera,trichanthera
trichilia,trichilia
trichilia_sp,trichilia_sp
trichilia_type,trichilia_type
trichilia_type_2,trichilia_type_2
trichilia_undiff,trichilia_undiff
trichocline,trichocline
trichostigma,trichostigma
trigonia,trigonia
triplaris,triplaris
triplaris_coccoloba,triplaris_coccoloba
tristerix,tristerix
triumfetta,triumfetta
trixis,trixis
trophis,trophis
tsuga,tsuga
turpinia_sp,turpinia_sp
ulmaceae,ulmaceae
ulmus,ulmus
ulmus_type,ulmus_type
uncaria,uncaria
unonopsis,unonopsis
urena,urena
urera,urera
urera_type,urera_type
urmenetea,urmenetea
urtica,urtica
urticaceae,urticaceae
urticaceae_moraceae,urticaceae_moraceae
urticaceae_moraceae_diporate,urticaceae_moraceae_diporate
urticaceae_moraceae_hexaporate,urticaceae_moraceae_hexaporate
urticaceae_moraceae_pentaporate,urticaceae_moraceae_pentaporate
urticaceae_moraceae_tetraporate,urticaceae_moraceae_tetraporate
urticaceae_moraceae_triporate,urticaceae_moraceae_triporate
urticaceae_moraceae_type,urticaceae_moraceae_type
urticaceae_moraceae_undiff,urticaceae_moraceae_undiff
urticaceae_undiff,urticaceae_undiff
urticalean_rosids,urticalean_rosids
urticalean_rosids_triporate,urticalean_rosids_triporate
urticalean_rosids_undiff,urticalean_rosids_undiff
urvillea,urvillea
vaccinium,vaccinium
vaccinium_type,vaccinium_type
vachellia_choriophylla,vachellia_choriophylla
valeriana,valeriana
valeriana_echinate_large,valeriana_echinate_large
valeriana_microechinate,valeriana_microechinate
valeriana_short_echinae,valeriana_short_echinae
valeriana_stenophylla_type,valeriana_stenophylla_type
valeriana_type_1,valeriana_type_1
valeriana_type_2,valeriana_type_2
valeriana_type_3,valeriana_type_3
valerianella,valerianella
valerianoideae,valerianoideae
vallea,vallea
vallea_type,vallea_type
vantanea,vantanea
vantanea_type_1,vantanea_type_1
varronia_bahamensis,varronia_bahamensis
verbena,verbena
verbena_type,verbena_type
verbenaceae,verbenaceae
verbenaceae_undiff,verbenaceae_undiff
vernonia,vernonia
vernonia_type,vernonia_type
veronica_type,veronica_type
viburnum,viburnum
viburnum_type,viburnum_type
viburnum_type_1,viburnum_type_1
vicia,vicia
vicia_type,vicia_type
vigna,vigna
viola,viola
viola_type,viola_type
violaceae,violaceae
violaceae_cf_leonia,violaceae_cf_leonia
virola,virola
virola_type,virola_type
visceae_cf_arceuthobium,visceae_cf_arceuthobium
vismia,vismia
vismia_type,vismia_type
vitaceae,vitaceae
vitaceae_cf_cissus,vitaceae_cf_cissus
vitex,vitex
vitex_type,vitex_type
vitis,vitis
viviania,viviania
viviania_type,viviania_type
vochysia,vochysia
vochysiaceae_undiff,vochysiaceae_undiff
voyria,voyria
vriesea_type,vriesea_type
wahlenbergia,wahlenbergia
waltheria,waltheria
warszewiczia,warszewiczia
weinmannia,weinmannia
weinmannia_sloanea_type,weinmannia_sloanea_type
weinmannia_trichosperma,weinmannia_trichosperma
weinmannia_type,weinmannia_type
weinmannia_type_1,weinmannia_type_1
weinmannia_type_2,weinmannia_type_2
wendtia,wendtia
wendtia_type,wendtia_type
wettinia,wettinia
wigandia,wigandia
ximenia_type,ximenia_type
xylopia,xylopia
xylosma,xylosma
xylosma_buxifolia,xylosma_buxifolia
xylosma_sp,xylosma_sp
xylosma_type,xylosma_type
xyris,xyris
xyris_type,xyris_type
zanthoxylum,zanthoxylum
zanthoxylum_type,zanthoxylum_type
zea,zea
zea_mays,zea_mays
zea_mays_bigger_than_75_mu_m,zea_mays_bigger_than_75_mu_m
zea_mays_type_536_kuhry_1988,zea_mays_type_536_kuhry_1988
zea_mays_type_548_kuhry_1988,zea_mays_type_548_kuhry_1988
zeyheria,zeyheria
zollernia,zollernia
zornia,zornia
zornia_cf_z_latifolia,zornia_cf_z_latifolia
zornia_type_1,zornia_type_1
