taxon_name,level_1
abutilon,abutilon
acacia,acacia
acaena,acaena
acalypha,acalypha
acalypha_type,acalypha_type
acanthaceae,acanthaceae
acanthaceae_type,acanthaceae_type
acanthaceae_undiff,acanthaceae_undiff
acanthus,acanthus
aciphylla,aciphylla
aciphylla_squarrosa_type,aciphylla_squarrosa_type
aciphylla_type,aciphylla_type
acmena,acmena
acronychia,acronychia
acronychia_comp,acronychia_comp
actinotus,actinotus
aegiceras,aegiceras
agastachys,agastachys
agastachys_odorata,agastachys_odorata
agathis,agathis
agathis_australis,agathis_australis
agathis_robusta,agathis_robusta
aglaia_comp,aglaia_comp
aglaia_type,aglaia_type
aizoaceae,aizoaceae
albizia,albizia
aleurites,aleurites
allocasuarina,allocasuarina
alnus,alnus
alphitonia,alphitonia
alternanthera,alternanthera
alternanthera_comp,alternanthera_comp
altingia_excelsa_comp,altingia_excelsa_comp
amaranthaceae,amaranthaceae
amaranthaceae_bigger_than_20_mu_m,amaranthaceae_bigger_than_20_mu_m
amaranthaceae_sensu_stricto,amaranthaceae_sensu_stricto
amaranthaceae_smaller_than_20_mu_m,amaranthaceae_smaller_than_20_mu_m
amaranthaceae_undiff,amaranthaceae_undiff
amperea,amperea
amperea_poranthera,amperea_poranthera
amperea_xiphoclada,amperea_xiphoclada
amyema,amyema
anacardiaceae,anacardiaceae
anemone,anemone
angiospermae_undiff_herbs,angiospermae_undiff_herbs
angophora,angophora
angophora_corymbia,angophora_corymbia
angophora_costata,angophora_costata
angophora_type,angophora_type
annonaceae,annonaceae
anodopetalum,anodopetalum
anopterus,anopterus
anopterus_glandulosus,anopterus_glandulosus
antidesma,antidesma
antirhea,antirhea
aphananthe,aphananthe
apiaceae,apiaceae
apiaceae_cf_dichosciadium,apiaceae_cf_dichosciadium
apiaceae_type_1,apiaceae_type_1
apiaceae_undiff,apiaceae_undiff
apiales_cf_araliaceae,apiales_cf_araliaceae
apium,apium
apium_prostratum,apium_prostratum
apocynaceae,apocynaceae
araliaceae,araliaceae
araliaceae_rutaceae,araliaceae_rutaceae
araliaceae_type,araliaceae_type
araliaceae_undiff,araliaceae_undiff
araucaria,araucaria
araucaria_cunninghamii,araucaria_cunninghamii
araucariaceae,araucariaceae
archeria,archeria
ardisia,ardisia
arecaceae,arecaceae
arecaceae_incertae_sedis,arecaceae_incertae_sedis
arecaceae_undiff,arecaceae_undiff
arenga,arenga
aristotelia,aristotelia
arytera,arytera
arytera_type,arytera_type
ascarina,ascarina
ascarina_lucida,ascarina_lucida
asparagaceae_cf_arthropodium,asparagaceae_cf_arthropodium
asperula,asperula
asphodeloideae,asphodeloideae
astelia,astelia
astelia_alpina,astelia_alpina
astelia_type,astelia_type
asteraceae,asteraceae
asteraceae_undiff,asteraceae_undiff
asteroideae,asteroideae
asteroideae_type_1,asteroideae_type_1
asteroideae_type_2,asteroideae_type_2
asteroideae_type_3,asteroideae_type_3
asteroideae_type_4,asteroideae_type_4
asteroideae_type_5,asteroideae_type_5
asteroideae_undiff,asteroideae_undiff
astrotricha,astrotricha
atherosperma,atherosperma
atherosperma_moschatum,atherosperma_moschatum
athrotaxis_diselma,athrotaxis_diselma
athrotaxis_type_diselma_type,athrotaxis_type_diselma_type
australina,australina
austrobuxus,austrobuxus
austromyrtus,austromyrtus
avicennia,avicennia
avicennia_marina,avicennia_marina
baccaurea,baccaurea
backhousia_myrtifolia,backhousia_myrtifolia
baeckea,baeckea
baeckea_tristania,baeckea_tristania
balanops,balanops
banksia,banksia
banksia_aemula,banksia_aemula
banksia_dentata,banksia_dentata
banksia_integrifolia,banksia_integrifolia
banksia_integrifolia_type,banksia_integrifolia_type
banksia_marginata,banksia_marginata
banksia_robur,banksia_robur
barringtonia,barringtonia
batis,batis
bauera,bauera
bauera_rubioides,bauera_rubioides
bauera_type,bauera_type
bauhinia_type,bauhinia_type
baumea,baumea
begonia,begonia
bellendena,bellendena
bellendena_montana,bellendena_montana
bertya,bertya
betula,betula
beyeria,beyeria
bignoniaceae_verbenaceae,bignoniaceae_verbenaceae
billardiera,billardiera
bischofia,bischofia
blandfordia,blandfordia
bombax,bombax
bombax_ceiba,bombax_ceiba
bombax_comp,bombax_comp
boraginaceae,boraginaceae
boraginaceae_type,boraginaceae_type
boronia,boronia
boronia_algida,boronia_algida
bossiaea,bossiaea
brachychiton,brachychiton
brachycome_type,brachycome_type
brassicaceae,brassicaceae
brassicaceae_lamiaceae,brassicaceae_lamiaceae
brassicaceae_type,brassicaceae_type
brassicaceae_undiff,brassicaceae_undiff
breynia,breynia
bridelia,bridelia
bruguiera,bruguiera
bruguiera_ceriops,bruguiera_ceriops
bruguiera_exaristata_type,bruguiera_exaristata_type
buchanania,buchanania
buchanania_type,buchanania_type
buddleja,buddleja
bursaria,bursaria
bursaria_spinosa,bursaria_spinosa
caesalpinioideae,caesalpinioideae
calamus,calamus
callistemon,callistemon
callistemon_pallidus,callistemon_pallidus
callistemon_pityoides_type,callistemon_pityoides_type
callitris,callitris
calocedrus,calocedrus
calophyllum,calophyllum
calycosia,calycosia
calystegia,calystegia
calytrix,calytrix
campanulaceae,campanulaceae
camptostemon,camptostemon
canarium,canarium
canavalia_type,canavalia_type
canscora,canscora
canthium,canthium
capparaceae_fabaceae,capparaceae_fabaceae
capparis,capparis
capparis_type,capparis_type
caprifoliaceae_cf_lonicera_type,caprifoliaceae_cf_lonicera_type
carallia_comp,carallia_comp
cardamine,cardamine
carex,carex
carex_type,carex_type
carpodetus_serratus,carpodetus_serratus
caryophyllaceae,caryophyllaceae
caryophyllaceae_undiff,caryophyllaceae_undiff
cassinia_arcuata_type_calomeria_type,cassinia_arcuata_type_calomeria_type
castanopsis,castanopsis
castanopsis_comp,castanopsis_comp
castanopsis_lithocarpus,castanopsis_lithocarpus
casuarina,casuarina
casuarina_equisetifolia,casuarina_equisetifolia
casuarina_smaller_than_25_mu_m,casuarina_smaller_than_25_mu_m
casuarina_type_b,casuarina_type_b
casuarina_undiff,casuarina_undiff
casuarinaceae,casuarinaceae
ceiba_pentandra_cochlospermum,ceiba_pentandra_cochlospermum
celmisia_type,celmisia_type
celtis,celtis
celtis_type,celtis_type
cenarrhenes,cenarrhenes
cenarrhenes_nitida,cenarrhenes_nitida
centaurium,centaurium
centella,centella
centrolepidaceae,centrolepidaceae
centrolepis,centrolepis
cerberiopsis,cerberiopsis
ceriops,ceriops
cf_acanthaceae,cf_acanthaceae
cf_adenostemma,cf_adenostemma
cf_amperea,cf_amperea
cf_astelia,cf_astelia
cf_bidens_erigeron,cf_bidens_erigeron
cf_brassicaceae,cf_brassicaceae
cf_canthium,cf_canthium
cf_celtis,cf_celtis
cf_euphorbiaceae,cf_euphorbiaceae
cf_fuchsia,cf_fuchsia
cf_homalium,cf_homalium
cf_melochia,cf_melochia
cf_pandanus,cf_pandanus
cf_pemphis,cf_pemphis
cf_psychotria,cf_psychotria
cf_psydrax,cf_psydrax
cf_quintinia,cf_quintinia
cf_rubiaceae,cf_rubiaceae
cf_rubus,cf_rubus
cf_samolus,cf_samolus
cf_streblus,cf_streblus
chenopodiaceae_sensu_stricto,chenopodiaceae_sensu_stricto
chorizandra,chorizandra
cichorieae,cichorieae
cichorioideae,cichorioideae
cichorioideae_undiff,cichorioideae_undiff
cirsium,cirsium
cissus,cissus
claoxylon,claoxylon
cleidion,cleidion
cleistocalyx,cleistocalyx
clematis,clematis
clematis_type,clematis_type
cocos,cocos
codia,codia
codonocarpus,codonocarpus
coleus,coleus
collospermum,collospermum
colobanthus,colobanthus
colocasia,colocasia
colocasia_esculenta,colocasia_esculenta
combretaceae,combretaceae
combretaceae_cf_terminalia_type,combretaceae_cf_terminalia_type
combretaceae_melastomataceae,combretaceae_melastomataceae
comesperma,comesperma
commelina,commelina
commelinaceae,commelinaceae
commersonia,commersonia
coniferae,coniferae
convolvulaceae,convolvulaceae
coprosma,coprosma
coprosma_opercularia,coprosma_opercularia
coprosma_pomax,coprosma_pomax
cordyline,cordyline
coriaria,coriaria
correa,correa
corymbia,corymbia
corymbia_intermedia,corymbia_intermedia
corymbia_ptychocarpa,corymbia_ptychocarpa
corymbia_terminalis,corymbia_terminalis
crassula,crassula
crassula_macrantha,crassula_macrantha
crassula_sieberiana,crassula_sieberiana
crassulaceae,crassulaceae
crotalaria,crotalaria
croton,croton
croton_comp,croton_comp
cryptandra,cryptandra
cryptandra_spinescens,cryptandra_spinescens
cunoniaceae,cunoniaceae
cunoniaceae_dicolpate,cunoniaceae_dicolpate
cunoniaceae_elaeocarpaceae,cunoniaceae_elaeocarpaceae
cunoniaceae_tricolpate,cunoniaceae_tricolpate
cupaniopsis,cupaniopsis
cuphea,cuphea
cupressaceae,cupressaceae
cyclophyllum,cyclophyllum
cyclophyllum_barbatum,cyclophyllum_barbatum
cynometra_type,cynometra_type
cyperaceae,cyperaceae
cyperaceae_20_mu_m,cyperaceae_20_mu_m
cyperaceae_27_mu_m,cyperaceae_27_mu_m
cyperaceae_29_mu_m,cyperaceae_29_mu_m
cyperaceae_31_mu_m,cyperaceae_31_mu_m
cyperaceae_inaperturate,cyperaceae_inaperturate
cyperaceae_reticulate,cyperaceae_reticulate
cyperaceae_type_1,cyperaceae_type_1
cyperaceae_undiff,cyperaceae_undiff
cyperus,cyperus
cyperus_type,cyperus_type
dacrycarpus,dacrycarpus
dacrycarpus_dacrydioides,dacrycarpus_dacrydioides
dacrycarpus_imbricatus,dacrycarpus_imbricatus
dacrycarpus_trisaccate,dacrycarpus_trisaccate
dacrydium,dacrydium
dacrydium_cupressinum,dacrydium_cupressinum
dacrydium_franklinii,dacrydium_franklinii
dampiera,dampiera
daviesia,daviesia
daviesia_type,daviesia_type
decaspermum,decaspermum
dentella_type,dentella_type
dianella,dianella
dichosciadium,dichosciadium
dichosciadium_ranunculaceum,dichosciadium_ranunculaceum
dicliptera,dicliptera
didymotheca,didymotheca
dillenia,dillenia
dilleniaceae,dilleniaceae
diplaspis,diplaspis
discaria,discaria
discaria_toumatou,discaria_toumatou
disphyma,disphyma
dissiliaria_comp,dissiliaria_comp
distylium_stellare,distylium_stellare
dodonaea,dodonaea
dodonaea_cf_d_viscosa,dodonaea_cf_d_viscosa
dodonaea_cuneata_type,dodonaea_cuneata_type
dodonaea_hispidula,dodonaea_hispidula
dodonaea_pinnata_type,dodonaea_pinnata_type
dodonaea_triquetra,dodonaea_triquetra
dodonaea_triquetra_type,dodonaea_triquetra_type
dodonaea_type,dodonaea_type
dodonaea_viscosa,dodonaea_viscosa
dodonaea_viscosa_type,dodonaea_viscosa_type
dolicholobium,dolicholobium
donatia,donatia
dracophyllum,dracophyllum
drapetes,drapetes
drimys,drimys
dysoxylum,dysoxylum
echium_cf_e_plantagineum,echium_cf_e_plantagineum
echium_violaceum,echium_violaceum
ehretia,ehretia
elaeagnus_comp,elaeagnus_comp
elaeocarpaceae,elaeocarpaceae
elaeocarpaceae_cf_elaeocarpus,elaeocarpaceae_cf_elaeocarpus
elaeocarpus,elaeocarpus
elattostachys,elattostachys
eleocharis,eleocharis
eleocharis_comp,eleocharis_comp
eleocharis_type,eleocharis_type
embelia,embelia
empodisma,empodisma
empodisma_type,empodisma_type
endospermum,endospermum
engelhardia,engelhardia
engelhardia_cf_e_spicata,engelhardia_cf_e_spicata
engelhardia_type,engelhardia_type
epacridaceae_ericaceae,epacridaceae_ericaceae
epacrideae,epacrideae
epacrideae_undiff,epacrideae_undiff
epacris,epacris
epacris_bawbawiensis,epacris_bawbawiensis
epacris_serpyllifolia,epacris_serpyllifolia
epacris_type,epacris_type
epilobium,epilobium
eremophila,eremophila
ericaceae,ericaceae
ericaceae_type_2,ericaceae_type_2
ericaceae_undiff,ericaceae_undiff
eriostemon,eriostemon
eryngium,eryngium
erythrina_variegata,erythrina_variegata
eucalyptus,eucalyptus
eucalyptus_cf_e_pauciflora_niphophila,eucalyptus_cf_e_pauciflora_niphophila
eucalyptus_dalrympleana,eucalyptus_dalrympleana
eucalyptus_dives,eucalyptus_dives
eucalyptus_pilularis_type_melaleuca_type,eucalyptus_pilularis_type_melaleuca_type
eucalyptus_psilate,eucalyptus_psilate
eucalyptus_signata,eucalyptus_signata
eucalyptus_tetrodonta,eucalyptus_tetrodonta
eucalyptus_type,eucalyptus_type
eucalyptus_type_1_granular,eucalyptus_type_1_granular
eucalyptus_type_2_psilate,eucalyptus_type_2_psilate
eucalyptus_type_3_granular,eucalyptus_type_3_granular
eucalyptus_type_4_granular,eucalyptus_type_4_granular
eucalyptus_undiff,eucalyptus_undiff
eucalyptus_viminalis,eucalyptus_viminalis
eucryphia,eucryphia
eucryphia_anodopetalum,eucryphia_anodopetalum
eucryphia_type_anodopetalum_type,eucryphia_type_anodopetalum_type
eugenia_comp,eugenia_comp
eugenia_simmondsiae,eugenia_simmondsiae
euodia,euodia
euphorbia,euphorbia
euphorbia_cf_e_peplus,euphorbia_cf_e_peplus
euphorbia_comp,euphorbia_comp
euphorbia_hirta,euphorbia_hirta
euphorbia_type,euphorbia_type
euphorbiaceae,euphorbiaceae
euphorbiaceae_cf_amperea,euphorbiaceae_cf_amperea
euphorbiaceae_cf_euphorbia,euphorbiaceae_cf_euphorbia
euphorbiaceae_undiff,euphorbiaceae_undiff
euphrasia,euphrasia
evodiella,evodiella
ewartia_type_gnaphalium_type,ewartia_type_gnaphalium_type
excoecaria,excoecaria
excoecaria_homalanthus,excoecaria_homalanthus
excoecaria_type,excoecaria_type
exocarpos,exocarpos
exocarpos_type,exocarpos_type
fabaceae,fabaceae
fabaceae_herbs,fabaceae_herbs
fabaceae_shrubs,fabaceae_shrubs
fabaceae_type_1,fabaceae_type_1
fabaceae_type_2,fabaceae_type_2
fabaceae_undiff,fabaceae_undiff
faboideae,faboideae
fagraea,fagraea
ficus,ficus
flagellaria,flagellaria
flindersia,flindersia
freycinetia,freycinetia
freycinetia_sp,freycinetia_sp
fuscospora,fuscospora
galium,galium
garcinia,garcinia
gardenia,gardenia
gaultheria_type,gaultheria_type
geitonoplesium,geitonoplesium
geniostoma,geniostoma
gentiana,gentiana
gentianaceae,gentianaceae
gentianella,gentianella
geraniaceae,geraniaceae
geranium,geranium
geranium_retrorsum_group,geranium_retrorsum_group
geum,geum
gingidia,gingidia
glochidion,glochidion
gompholobium,gompholobium
gomphrena,gomphrena
goodenia,goodenia
goodenia_velleia,goodenia_velleia
goodeniaceae,goodeniaceae
gratiola,gratiola
grevillea,grevillea
grevillea_australis,grevillea_australis
grevillea_hakea,grevillea_hakea
grevillea_type,grevillea_type
grevillea_victoriae,grevillea_victoriae
griselinia,griselinia
guioa,guioa
gunnera,gunnera
gymnoschoenus,gymnoschoenus
gymnoschoenus_sphaerocephalus,gymnoschoenus_sphaerocephalus
gymnoschoenus_type,gymnoschoenus_type
gymnostoma,gymnostoma
gynatrix,gynatrix
gyrostemon,gyrostemon
gyrostemonaceae,gyrostemonaceae
hakea,hakea
hakea_teretifolia,hakea_teretifolia
halocarpus,halocarpus
haloragis,haloragis
haloragis_micrantha,haloragis_micrantha
haloragis_sim,haloragis_sim
haloragodendron,haloragodendron
hardenbergia,hardenbergia
hebe,hebe
helichrysum_type,helichrysum_type
helicia,helicia
helicteres,helicteres
heritiera,heritiera
heritiera_type,heritiera_type
hernandia,hernandia
hernandiaceae,hernandiaceae
hibbertia,hibbertia
hiptage_comp,hiptage_comp
hoheria_angustifolia,hoheria_angustifolia
hoheria_lyallii_type,hoheria_lyallii_type
homalanthus,homalanthus
homalanthus_cf_h_stokesii,homalanthus_cf_h_stokesii
homalium,homalium
hovea,hovea
hovea_bossiaea,hovea_bossiaea
hybanthus,hybanthus
hymenanthera,hymenanthera
hypericum,hypericum
hypericum_japonicum,hypericum_japonicum
hypericum_type,hypericum_type
hypoxis,hypoxis
ilex,ilex
impatiens,impatiens
ipomoea,ipomoea
iridaceae,iridaceae
isophysis,isophysis
isotoma,isotoma
ixora,ixora
jasminum,jasminum
juglandaceae,juglandaceae
juglandaceae_cf_engelhardia,juglandaceae_cf_engelhardia
juncaceae,juncaceae
justicia_comp,justicia_comp
kleinhovia_hospita,kleinhovia_hospita
knightia,knightia
kunzea,kunzea
kunzea_leptospermum,kunzea_leptospermum
kunzea_muelleri_type,kunzea_muelleri_type
kunzea_type,kunzea_type
lagarostrobos,lagarostrobos
lagarostrobos_franklinii,lagarostrobos_franklinii
lagerstroemia_speciosa,lagerstroemia_speciosa
lamiaceae,lamiaceae
lauraceae,lauraceae
laurelia,laurelia
lecythidaceae,lecythidaceae
leea,leea
lepidosperma,lepidosperma
lepidothamnus,lepidothamnus
lepironia_comp,lepironia_comp
leptocarpus,leptocarpus
leptospermum,leptospermum
leptospermum_baeckea,leptospermum_baeckea
leptospermum_type,leptospermum_type
leucopogon,leucopogon
leucopogon_suaveolens,leucopogon_suaveolens
leucopogon_type,leucopogon_type
libocedrus,libocedrus
lilaeopsis,lilaeopsis
liliaceae,liliaceae
liliaceae_undiff,liliaceae_undiff
limnophila,limnophila
limnophila_type,limnophila_type
lindernia,lindernia
litsea,litsea
lobelia,lobelia
lomandra,lomandra
lomatia,lomatia
lonicera_comp,lonicera_comp
lonicera_type,lonicera_type
lophostemon,lophostemon
lophostemon_syncarpia_hillii,lophostemon_syncarpia_hillii
loranthaceae,loranthaceae
lotus,lotus
lotus_type,lotus_type
lumnitzera,lumnitzera
lumnitzera_type,lumnitzera_type
lythraceae,lythraceae
lythrum,lythrum
lythrum_salicaria,lythrum_salicaria
macaranga,macaranga
macaranga_comp,macaranga_comp
macaranga_mallotus,macaranga_mallotus
maesa,maesa
mallotus,mallotus
mallotus_type,mallotus_type
malvaceae,malvaceae
malvaceae_undiff,malvaceae_undiff
medinilla_comp,medinilla_comp
melaleuca,melaleuca
melaleuca_halmaturorum,melaleuca_halmaturorum
melaleuca_squamea,melaleuca_squamea
melaleuca_type,melaleuca_type
melanolepis,melanolepis
melastoma,melastoma
melastomataceae,melastomataceae
melia,melia
meliaceae,meliaceae
meliaceae_type,meliaceae_type
melicope,melicope
melicytus,melicytus
meliosma,meliosma
melochia,melochia
menispermaceae,menispermaceae
mentha,mentha
mentha_type,mentha_type
meryta,meryta
metrosideros,metrosideros
metroxylon,metroxylon
metroxylon_sagu,metroxylon_sagu
metroxylon_vitiense,metroxylon_vitiense
micrantheum,micrantheum
microcachrys,microcachrys
microcachrys_tetragona,microcachrys_tetragona
microseris,microseris
microstrobos,microstrobos
milligania,milligania
mimosoid_clade,mimosoid_clade
mimusops_type,mimusops_type
mitrasacme,mitrasacme
mitrasacme_archeri,mitrasacme_archeri
monotoca,monotoca
monotoca_type,monotoca_type
montia,montia
montia_fontana,montia_fontana
montia_type,montia_type
moraceae,moraceae
moraceae_comp,moraceae_comp
morinda,morinda
morinda_type,morinda_type
muehlenbeckia,muehlenbeckia
mussaenda,mussaenda
myoporaceae_sensu_stricto,myoporaceae_sensu_stricto
myoporum,myoporum
myoporum_rapense,myoporum_rapense
myosotis,myosotis
myosotis_australis,myosotis_australis
myrica_cf_m_javanica,myrica_cf_m_javanica
myristica,myristica
myrsine,myrsine
myrsine_comp,myrsine_comp
myrsinoideae,myrsinoideae
myrsinoideae_type,myrsinoideae_type
myrtaceae,myrtaceae
myrtaceae_cf_baeckea,myrtaceae_cf_baeckea
myrtaceae_cf_syzygium,myrtaceae_cf_syzygium
myrtaceae_syncolpate_psilate,myrtaceae_syncolpate_psilate
myrtaceae_type_1,myrtaceae_type_1
myrtaceae_type_12,myrtaceae_type_12
myrtaceae_type_14,myrtaceae_type_14
myrtaceae_type_17,myrtaceae_type_17
myrtaceae_type_2,myrtaceae_type_2
myrtaceae_type_3,myrtaceae_type_3
myrtaceae_type_4,myrtaceae_type_4
myrtaceae_type_b,myrtaceae_type_b
myrtaceae_undiff,myrtaceae_undiff
nauclea,nauclea
neomyrtus,neomyrtus
neomyrtus_type,neomyrtus_type
neonauclea,neonauclea
neonauclea_comp,neonauclea_comp
neopaxia,neopaxia
nepenthes,nepenthes
nertera,nertera
nestegis,nestegis
neuburgia,neuburgia
notelaea,notelaea
nothofagus,nothofagus
nothofagus_cunninghamii,nothofagus_cunninghamii
nothofagus_gunnii,nothofagus_gunnii
nothofagus_menziesii,nothofagus_menziesii
nothofagus_subgen_brassospora,nothofagus_subgen_brassospora
nothofagus_subgen_lophozonia,nothofagus_subgen_lophozonia
nothofagus_undiff,nothofagus_undiff
octomeles_sumatrana,octomeles_sumatrana
olacaceae,olacaceae
olea,olea
olea_paniculata,olea_paniculata
olea_type,olea_type
oleaceae,oleaceae
olearia,olearia
olearia_colensoi,olearia_colensoi
olearia_type,olearia_type
onagraceae,onagraceae
ophiorrhiza,ophiorrhiza
opilia,opilia
opuntia,opuntia
orchidaceae,orchidaceae
oreomyrrhis,oreomyrrhis
orites,orites
oschatzia,oschatzia
osmoxylon,osmoxylon
oxalis,oxalis
oxylobium,oxylobium
palaquium,palaquium
pandanaceae_cf_pandanus,pandanaceae_cf_pandanus
pandanus,pandanus
pandanus_antaresensis_type,pandanus_antaresensis_type
pandanus_brosimos_type,pandanus_brosimos_type
pandanus_spiralis,pandanus_spiralis
pandanus_tectorius,pandanus_tectorius
pandanus_tectorius_type,pandanus_tectorius_type
pandanus_type_a,pandanus_type_a
pandanus_type_c,pandanus_type_c
papuacedrus,papuacedrus
parahebe,parahebe
parasponia,parasponia
parinari,parinari
parinari_comp,parinari_comp
parsonsia,parsonsia
pelargonium,pelargonium
pemphis,pemphis
pemphis_comp,pemphis_comp
pentace_comp,pentace_comp
peraxilla,peraxilla
persicaria,persicaria
persicaria_hydropiper,persicaria_hydropiper
persicaria_maculosa_comp,persicaria_maculosa_comp
persoonia,persoonia
phaleria,phaleria
phebalium,phebalium
phebalium_squameum,phebalium_squameum
pherosphaera_hookeriana,pherosphaera_hookeriana
phormium,phormium
phyllanthus,phyllanthus
phyllanthus_urinaria,phyllanthus_urinaria
phyllocladus,phyllocladus
phyllocladus_aspleniifolius,phyllocladus_aspleniifolius
physalis_solanum,physalis_solanum
phytolaccaceae,phytolaccaceae
pimelea,pimelea
pinus,pinus
pinus_radiata,pinus_radiata
piper,piper
piperaceae,piperaceae
piperaceae_type,piperaceae_type
pipturus,pipturus
pisonia,pisonia
pisonia_comp,pisonia_comp
pittosporum,pittosporum
plagianthus,plagianthus
plagianthus_type,plagianthus_type
planchonella,planchonella
planchonella_comp,planchonella_comp
planchonia,planchonia
plantago,plantago
plantago_lanceolata,plantago_lanceolata
plantago_lanceolata_type,plantago_lanceolata_type
plantago_muelleri_type,plantago_muelleri_type
plantago_novae_minus_zelandiae_type,plantago_novae_minus_zelandiae_type
plantago_tasmanica,plantago_tasmanica
plantago_type_1,plantago_type_1
plantago_undiff,plantago_undiff
plantago_varia_type,plantago_varia_type
plerandra,plerandra
plicosepalus,plicosepalus
poa,poa
poaceae,poaceae
poaceae_20_minus_25_mu_m,poaceae_20_minus_25_mu_m
poaceae_25_minus_30_mu_m,poaceae_25_minus_30_mu_m
poaceae_30_minus_35_mu_m,poaceae_30_minus_35_mu_m
poaceae_bigger_than_35_mu_m,poaceae_bigger_than_35_mu_m
poaceae_bigger_than_40_mu_m,poaceae_bigger_than_40_mu_m
poaceae_bigger_than_50_mu_m,poaceae_bigger_than_50_mu_m
poaceae_cerealia,poaceae_cerealia
poaceae_smaller_than_20_mu_m,poaceae_smaller_than_20_mu_m
poaceae_smaller_than_40_mu_m,poaceae_smaller_than_40_mu_m
poaceae_smaller_than_50_mu_m,poaceae_smaller_than_50_mu_m
poaceae_type_1,poaceae_type_1
poaceae_type_2,poaceae_type_2
poaceae_type_3,poaceae_type_3
poaceae_type_4,poaceae_type_4
poaceae_type_5,poaceae_type_5
poaceae_type_6,poaceae_type_6
poaceae_type_7,poaceae_type_7
poaceae_type_8,poaceae_type_8
poaceae_type_a,poaceae_type_a
poaceae_type_b,poaceae_type_b
poaceae_undiff,poaceae_undiff
podocarpaceae,podocarpaceae
podocarpaceae_undiff,podocarpaceae_undiff
podocarpus,podocarpus
podocarpus_lawrencei,podocarpus_lawrencei
podocarpus_spp,podocarpus_spp
podocarpus_totara,podocarpus_totara
pogostemon,pogostemon
poikilogyne,poikilogyne
polygala,polygala
polygalaceae,polygalaceae
polygonaceae,polygonaceae
polygonaceae_undiff,polygonaceae_undiff
polygonum,polygonum
polyosma,polyosma
polyscias,polyscias
polyscias_sambucifolia,polyscias_sambucifolia
pomaderris,pomaderris
pomaderris_andromedifolia,pomaderris_andromedifolia
pomaderris_apetala,pomaderris_apetala
pomaderris_apetala_type,pomaderris_apetala_type
pomaderris_aspera,pomaderris_aspera
pomaderris_aspera_type,pomaderris_aspera_type
pomaderris_elliptica,pomaderris_elliptica
pomaderris_lanigera,pomaderris_lanigera
pomax_umbellata,pomax_umbellata
pometia_comp,pometia_comp
poranthera,poranthera
portulaca,portulaca
portulacaceae,portulacaceae
portulacaceae_type,portulacaceae_type
potentilla,potentilla
pritchardia,pritchardia
prostanthera,prostanthera
proteaceae,proteaceae
proteaceae_undiff,proteaceae_undiff
prumnopitys_ferruginea,prumnopitys_ferruginea
prumnopitys_taxifolia,prumnopitys_taxifolia
prunus,prunus
pseudanthus,pseudanthus
pseudopanax,pseudopanax
pseudopanax_anomalus_type,pseudopanax_anomalus_type
pseudopanax_arboreus,pseudopanax_arboreus
pseudopanax_colensoi_type,pseudopanax_colensoi_type
pseudopanax_type,pseudopanax_type
pseudowintera,pseudowintera
psychotria,psychotria
psychotria_type,psychotria_type
pterospermum,pterospermum
pultenaea,pultenaea
pultenaea_type,pultenaea_type
quercus_comp,quercus_comp
quintinia,quintinia
quintinia_comp,quintinia_comp
randia,randia
ranunculaceae,ranunculaceae
ranunculus,ranunculus
ranunculus_comp,ranunculus_comp
raoulia,raoulia
rapanea,rapanea
rapanea_3_minus_4_colpate,rapanea_3_minus_4_colpate
rapanea_cf_r_achradifolia,rapanea_cf_r_achradifolia
restio_type,restio_type
restionaceae,restionaceae
restionaceae_cf_restio,restionaceae_cf_restio
rhamnaceae,rhamnaceae
rhamnaceae_undiff,rhamnaceae_undiff
rhizophora,rhizophora
rhizophora_apiculata,rhizophora_apiculata
rhizophora_mucronata_type,rhizophora_mucronata_type
rhizophora_stylosa,rhizophora_stylosa
rhizophoraceae,rhizophoraceae
rhizophoraceae_type,rhizophoraceae_type
rhopalostylis_sapida,rhopalostylis_sapida
rhus,rhus
rhus_type,rhus_type
richea,richea
richea_continentis_type,richea_continentis_type
richea_procera_type,richea_procera_type
richea_type,richea_type
ricinocarpos,ricinocarpos
rosaceae,rosaceae
rosaceae_undiff,rosaceae_undiff
rosales_cf_moraceae_urticaceae,rosales_cf_moraceae_urticaceae
rosales_cf_rhamnaceae,rosales_cf_rhamnaceae
rubiaceae,rubiaceae
rubiaceae_cf_neonauclea_type,rubiaceae_cf_neonauclea_type
rubiaceae_type,rubiaceae_type
rubiaceae_undiff,rubiaceae_undiff
rubus,rubus
rubus_comp,rubus_comp
rubus_squarrosus_type,rubus_squarrosus_type
rumex,rumex
rumex_acetosella,rumex_acetosella
rumex_brownii,rumex_brownii
rumex_flexuosus_type,rumex_flexuosus_type
rutaceae,rutaceae
rutaceae_undiff,rutaceae_undiff
sabiaceae,sabiaceae
salicaceae,salicaceae
salix,salix
santalaceae,santalaceae
sapindaceae,sapindaceae
sapindaceae_scrophulariaceae,sapindaceae_scrophulariaceae
sapindus,sapindus
sapotaceae,sapotaceae
sapotaceae_type,sapotaceae_type
saurauia,saurauia
scaevola,scaevola
scaevola_comp,scaevola_comp
scaevola_taccada,scaevola_taccada
schefflera,schefflera
schefflera_comp,schefflera_comp
schizeilema,schizeilema
schizeilema_fragosea,schizeilema_fragosea
schuurmansia,schuurmansia
scleranthus,scleranthus
scrophulariaceae,scrophulariaceae
scrophulariaceae_undiff,scrophulariaceae_undiff
scyphiphora,scyphiphora
scyphiphora_type,scyphiphora_type
sebaea,sebaea
senna,senna
sesuvium,sesuvium
sigesbeckia_orientalis,sigesbeckia_orientalis
silene,silene
simaroubaceae,simaroubaceae
sloanea,sloanea
solanaceae,solanaceae
solanaceae_type,solanaceae_type
solanum,solanum
sonchus_cf_s_asper,sonchus_cf_s_asper
sonchus_cf_s_kirkii,sonchus_cf_s_kirkii
sonchus_kirkii,sonchus_kirkii
sonneratia,sonneratia
sonneratia_alba_sonneratia_caseolaris,sonneratia_alba_sonneratia_caseolaris
sonneratia_gulngai,sonneratia_gulngai
sophora,sophora
sophora_tomentosa,sophora_tomentosa
soulamea,soulamea
spergularia,spergularia
spermacoce,spermacoce
spermatophyta_undiff_shrubs,spermatophyta_undiff_shrubs
spermatophyta_undiff_trees,spermatophyta_undiff_trees
spermatophyta_undiff_upland_herbs,spermatophyta_undiff_upland_herbs
sphenostemon,sphenostemon
spiraeopsis,spiraeopsis
sprengelia,sprengelia
sprengelia_incarnata,sprengelia_incarnata
spyridium,spyridium
stackhousia,stackhousia
stellaria,stellaria
stellaria_gracilenta,stellaria_gracilenta
stellaria_undiff,stellaria_undiff
sterculia_edelfeltii,sterculia_edelfeltii
sterculioideae_type,sterculioideae_type
streblus,streblus
strobilanthes_comp,strobilanthes_comp
stylidiaceae,stylidiaceae
stylidium,stylidium
styphelia,styphelia
symplocos,symplocos
symplocos_type,symplocos_type
syncarpia_hillii,syncarpia_hillii
syzygium,syzygium
tacca,tacca
tapeinosperma,tapeinosperma
taraxacum,taraxacum
taraxacum_type,taraxacum_type
tasmannia,tasmannia
tasmannia_lanceolata,tasmannia_lanceolata
telopea,telopea
telopea_truncata,telopea_truncata
terminalia,terminalia
terminalia_carpentariae,terminalia_carpentariae
terminalia_type,terminalia_type
tetracarpaea,tetracarpaea
tetracarpaea_tasmannica,tetracarpaea_tasmannica
tetratheca,tetratheca
tetratheca_glandulosa,tetratheca_glandulosa
tetratheca_pilosa,tetratheca_pilosa
thespesia_type,thespesia_type
thymelaeaceae,thymelaeaceae
tieghemopanax,tieghemopanax
tilioideae_type,tilioideae_type
timonius,timonius
timonius_type,timonius_type
trachymene,trachymene
trema,trema
trema_aspera,trema_aspera
trema_type,trema_type
trianthema,trianthema
trifolium,trifolium
trifolium_type,trifolium_type
trigonotis,trigonotis
triumfetta,triumfetta
trophis_type,trophis_type
tsuga_canadensis,tsuga_canadensis
tupeia_antarctica,tupeia_antarctica
turrillia,turrillia
ulex_europaeus,ulex_europaeus
ulmaceae,ulmaceae
ulmus_cf_u_lanceifolia,ulmus_cf_u_lanceifolia
uncaria,uncaria
urtica,urtica
urticaceae,urticaceae
urticaceae_moraceae,urticaceae_moraceae
urticaceae_type_1,urticaceae_type_1
urticaceae_type_2,urticaceae_type_2
vaccinium_comp,vaccinium_comp
verbenaceae,verbenaceae
veronica,veronica
viola,viola
violaceae_cf_hymenanthera,violaceae_cf_hymenanthera
vitaceae,vitaceae
vitex_lucens,vitex_lucens
wahlenbergia,wahlenbergia
weinmannia,weinmannia
wendlandia,wendlandia
westringia,westringia
wikstroemia,wikstroemia
wikstroemia_type,wikstroemia_type
wilsonia,wilsonia
winteraceae,winteraceae
xanthomyrtus,xanthomyrtus
xanthorrhoea,xanthorrhoea
xanthostemon,xanthostemon
xylocarpus,xylocarpus
xyridaceae,xyridaceae
xyris,xyris
zanthoxylum,zanthoxylum
zieria,zieria
